17:53:59.045,aaaa1108820102090201010093
17:53:59.112,aaaa11178202413033313138363045303035393230430000000000f2
17:53:59.261,aaaa11418206223500090503000802213200000301000902230100000208000201240b00000501000204260b00000501000204250b00000501000204270b00000501000204f7
17:53:59.360,aaaa1428a020401f781e401f401f9cff10646423313200000000302a000a28645a280000150000044400260b80
17:53:59.462,aaaa142b9000014026b3010000068a68136015f119361dd8ddccdd24030000e0ec00009d1f00009f0700001419000013
17:53:59.498,aaaa141991939708006ef1da0219ee36000b480d00332e3000ccdd240343
17:53:59.549,aaaa1459844333070000000000000000005901ff0000000000a5a5ffb5019cff00002403000000002c2405241027401f781e401f401f401f401fb88800000000d7dcccdeb0dd0000b0830000000000004910000000000000000000000000ba
17:53:59.598,aaaa141991939708006ef1da0219ee36000b480d00332e3000a5a5ffb5019b
17:53:59.649,aaaa1459844333faff00000000000000000b019b0000000000a2ffbb019cff00002403000000002c2405241027401f781e401f401f401f401fb88800000000d7ddccdeb0dd0000b0a5a50000000000004910000000000000000000000000a0
17:53:59.698,aaaa141991939708006ef1da0219ee36000b480d00332e3000a2ffbb0192
17:53:59.750,aaaa1459844333040000000000000000006dff66000000000099ffc8019cff00002403000000002c2405241027401f781e401f401f401f401fb88800000000d7dcccdeb0dd0000b0a0000000000000491000000000000000000000000088
17:53:59.799,aaaa141991939708006ef1da0219ee36000b480d00332e300099ffc801da
17:53:59.837,aaaa14598443330300000000000000000074ff5e000000000099ffde019cff00002403000000002c2405241027401f781e401f401f401f401fb88800000000d7dcccdeb0dd0000b0a00000000000004910000000000000000000000000b8
17:53:59.886,aaaa141991939708006ef1da0219ee36000b480d00332e300099ffde01cc
17:53:59.937,aaaa14598440331200000000000000000046fbb801000000008aff0b029cff00002403000000002c2405241027401f781e401f401f401f401fb88800000000d7dcccdeb0dd0000b0a00000000000004910000000000000000000000000be
17:53:59.986,aaaa141991939708006ef1da0219ee36000b480d00332e30008aff0b0209
17:54:00.025,aaaa1459844333100000000000d6ff00002bfde201000000008bff51029cff00002403000000002c2405241027401f781e401f401f401f401fb88800000000d7dcccdeb0dd0000b0970000000000004910000000000000000000000000cb
17:54:00.073,aaaa141991939708006ef1da0219ee36000b480d00332e30008bff510252
17:54:00.137,aaaa1459844333130000000000beff00006efe18010000000094ffa5a5029cff00002403000000002c2405241027401f781e401f401f401f401fb88800000000d7dcccdeb0dd0000b0a5aa0000000000004910000000000000000000000000ca
17:54:00.186,aaaa141991939708006ef1da0219ee36000b480d00332e300094ffa5a502b9
17:54:00.237,aaaa1459844233040000000000deff00005efe63010000000092ff0b039cff00002403000000002c2405241027401f781e401f401f401f401fb88800000000d7dcccdeb0dd0000b0a0000000000000491000000000000000000000000054
17:54:00.274,aaaa141991939708006ef1da0219ee36000b480d00332e300092ff0b0310
17:54:00.337,aaaa1459844333000000000000e1ff00008cfe5a010000000092ff6d039cff00002403000000002c2405241027401f781e401f401f401f401fb88800000000d7dcccdeb0dd0000b075000000000000491000000000000000000000000036
17:54:00.374,aaaa141991939708006ef1da0219ee36000b480d00342e300092ff6d0371
17:54:00.438,aaaa14598442331e0000000000e7ff0000bbfbb501000000008affa1039cff00002403000000002c2405241027401f781e401f401f401f401fb88800000000d7dcccdeb0dd0000b0cc00000000000049100000000000000000000000009f
17:54:00.474,aaaa141991939708006ef1da0219ee36000b480d00342e30008affa103a5a5
17:54:00.537,aaaa1459844233fdff00000000f4ff00000dffe5000000000095ffac039cff00002403000000002c2405241027401f781e401f401f401f401fb88800000000d7dcccdeb0dd0000b0be000000000000491000000000000000000000000013
17:54:00.573,aaaa141991939708006ef1da0219ee36000b480d00342e300095ffac03b7
17:54:00.636,aaaa1459844433faff0000000000000000f8ffb00000000000a0ffac039cff00002403000000002c2405241027401f781e401f401f401f401fb88800000000d7dcccdeb0dd0000b09c0000000000004910000000000000000000000000ae
17:54:00.673,aaaa141991939708006ef1da0219ee36000b480d00342e3000a0ffac0382
17:54:00.737,aaaa14598442330f00000000003400000025ffe2000000000094ffb5039cff00002403000000002c2405241027401f781e401f401f401f401fb88800000000d7dcccdeb0dd0000b0c300000000000049100000000000000000000000006b
17:54:00.773,aaaa141991939708006ef1da0219ee36000b480d00342e300094ffb503af
17:54:00.837,aaaa1459844333130000000000000000002e03970100000000adffbf039cff00002403000000002c2405241027401f781e401f401f401f401fb88800000000d7dcccdeb0dd0000b0970000000000004910000000000000000000000000a6
17:54:00.874,aaaa141991939708006ef1da0219ee36000b480d00342e3000adffbf039c
17:54:00.937,aaaa1459844233fdff0000000000000000ab00d30000000000a3ffaf039cff00002403000000002c2405241027401f781e401f401f401f401fb88800000000d7dcccdeb0dd0000b075000000000000491000000000000000000000000089
17:54:00.974,aaaa141991939708006ef1da0219ee36000b480d00342e3000a3ffaf0382
17:54:01.037,aaaa14598442331000000000000000000041fda601000000008dff6a039cff00002403000000002c2405241027401f781e401f401f401f401fb88800000000d7dcccdeb0dd0000b0a5a50000000000004910000000000000000000000000c3
17:54:01.074,aaaa141991939708006ef1da0219ee36000b480d00342e30008dff6a0369
17:54:01.138,aaaa1459844333ffff00000000000000002a001400000000009cff23039cff00002403000000002c2405241027401f781e401f401f401f401fb88800000000d7ddccdeb0dd0000b092000000000000491000000000000000000000000099
17:54:01.174,aaaa141991939708006ef1da0219ee36000b480d00342e30009cff230331
17:54:01.237,aaaa14598443330d000000000000000000ee006a0000000000a1fff0029cff00002403000000002c2405241027401f781e401f401f401f401fb88800000000d7ddccdeb0dd0000b0a00000000000004910000000000000000000000000f3
17:54:01.274,aaaa141991939708006ef1da0219ee36000b480d00342e3000a1fff002de
17:54:01.337,aaaa1459844233160000000000ebff0000ce01500100000000a9ffda029cff00002403000000002c2405241027401f781e401f401f401f401fb88800000000d7dcccdeb0dd0000b0a5a50000000000004910000000000000000000000000c1
17:54:01.373,aaaa141991939708006ef1da0219ee36000b480d00352e3000a9ffda02fd
17:54:01.437,aaaa14598443330c00000000000000000007019f0000000000a3ffce029cff00002403000000002c2405241027401f781e401f401f401f401fb88800000000d7dcccdeb0dd0000b0a5aa0000000000004910000000000000000000000000d8
17:54:01.486,aaaa141991939708006ef1da0219ee36000b480d00352e3000a3ffce02e3
17:54:01.537,aaaa1459844433160000000000000000008a013a0100000000a7ffc7029cff00002403000000002c2405241027401f781e401f401f401f401fb88800000000d7dcccdeb0dd0000b0a5aa0000000000004910000000000000000000000000e1
17:54:01.573,aaaa141991939708006ef1da0219ee36000b480d00352e3000a7ffc702ee
17:54:01.637,aaaa1459844233fcff0000000009000000b402a20100000000acffc0029cff00002403000000002c2405241027401f781e401f401f401f401fb88800000000d7dcccdeb0dd0000b07e000000000000491000000000000000000000000086
17:54:01.673,aaaa141991939708006ef1da0219ee36000b480d00352e3000acffc002e2
17:54:01.724,aaaa14598441330d000000000018000000bb03f70100000000b0ffa9029cff00002403000000002c2405241027401f781e401f401f401f401fb88800000000d7dcccdeb0dd0000b0a000000000000049100000000000000000000000006a
17:54:01.786,aaaa141991939708006ef1da0219ee36000b480d00352e3000b0ffa90297
17:54:01.826,aaaa14598442330900000000003d0000000102a40100000000a5aaff7d029cff00002403000000002c2405241027401f781e401f401f401f401fb88800000000d7dcccdeb0dd0000b0a5aa000000000000491000000000000000000000000064
17:54:01.873,aaaa141991939708006ef1da0219ee36000b480d00352e3000a5aaff7d0259
17:54:01.924,aaaa14598441330c000000000038000000b401770100000000a8ff5f029cff00002403000000002c2405241027401f781e401f401f401f401fb88800000000d7dcccdeb0dd0000b0a5a500000000000049100000000000000000000000002d
17:54:01.973,aaaa141991939708006ef1da0219ee36000b480d00352e3000a8ff5f0279
17:54:02.037,aaaa145984433309000000000031000000ba01770100000000a8ff4b029cff00002403000000002c2405241027401f781e401f401f401f401fb88800000000d7dcccdeb0dd0000b09c000000000000491000000000000000000000000000
17:54:02.075,aaaa141991939708006ef1da0219ee36000b480d00352e3000a8ff4b026d
17:54:02.138,aaaa14598443331000000000002e000000cf00cf0000000000a2ff42029cff00002403000000002c2405241027401f781e401f401f401f401fb88800000000d7dcccdeb0dd0000b0b90000000000004910000000000000000000000000ed
17:54:02.211,aaaa141991939708006ef1da0219ee36000b480d00352e3000a2ff42026e
17:54:02.262,aaaa145984433307000000000016000000fd00b00000000000a2ff73029cff00002403000000002c2405241027401f781e401f401f401f401fb88800000000d7dcccdeb0dd0000b0af0000000000004910000000000000000000000000a8
17:54:02.323,aaaa141991939708006ef1da0219ee36000b480d00352e3000a2ff73025f
17:54:02.387,aaaa1459844333070000000000060000008c003500000000009fff8b029cff00002403000000002c2405241027401f781e401f401f401f401fb88800000000d7dcccdeb0dd0000b0be000000000000491000000000000000000000000098
17:54:02.411,aaaa141991939708006ef1da0219ee36000b480d00362e30009fff8b0299
17:54:02.449,aaaa1459844333040000000000fcff000089ff4700000000009aff9d029cff00002403000000002c2405241027401f781e401f401f401f401fb88800000000d7dcccdeb0dd0000b0be000000000000491000000000000000000000000005
17:54:02.511,aaaa141991939708006ef1da0219ee36000b480d00362e30009aff9d028a
17:54:02.550,aaaa1459844333040000000000fcff000089ff4700000000009aff9d029cff00002403000000002c2405241027401f781e401f401f401f401fb88800000000d7dcccdeb0dd0000b088000000000000491000000000000000000000000033
17:54:02.611,aaaa141991939708006ef1da0219ee36000b480d00362e30009aff9d028a
17:54:02.662,aaaa1459844333150000000000000000009dff2c00000000009affa8029cff00002403000000002c2405241027401f781e401f401f401f401fb88800000000d7ddccdeb0dd0000b0b900000000000049100000000000000000000000005b
17:54:02.711,aaaa141991939708006ef1da0219ee36000b480d00362e30009affa802bf
17:54:02.749,aaaa1459844233fcff00000000000000002fff77000000000098ffad029cff00002403000000002c2405241027401f781e401f401f401f401fb88800000000d7dcccdeb0dd0000b083000000000000491000000000000000000000000099
17:54:02.811,aaaa141991939708006ef1da0219ee36000b480d00362e300098ffad02b8
17:54:02.862,aaaa1459844333030000000000f7ff00002bff64000000000098ffb5029cff00002403000000002c2405241027401f781e401f401f401f401fb88800000000d7ddccdeb0dd0000b0b90000000000004910000000000000000000000000a4
17:54:02.899,aaaa141991939708006ef1da0219ee36000b480d00362e300098ffb502a0
17:54:02.962,aaaa1459844333060000000000f8ff0000f1fea2000000000097ffb5029cff00002403000000002c2405241027401f781e401f401f401f401fb88800000000d7dcccdeb0dd0000b092000000000000491000000000000000000000000096
17:54:02.999,aaaa141991939708006ef1da0219ee36000b480d00362e300097ffb502af
17:54:03.063,aaaa1459844333070000000000f9ff0000b9feeb000000000095ffb5029cff00002403000000002c2405241027401f781e401f401f401f401fb88800000000d7dcccdeb0dd0000b0a5a50000000000004910000000000000000000000000a2
17:54:03.111,aaaa141991939708006ef1da0219ee36000b480d00362e300095ffb502ad
17:54:03.162,aaaa14598443330400000000000000000019ff6f000000000098ffb5029cff00002403000000002c2405241027401f781e401f401f401f401fb88800000000d7ddccdeb0dd0000b0970000000000004910000000000000000000000000bc
17:54:03.211,aaaa141991939708006ef1da0219ee36000b480d00362e300098ffb502a0
17:54:03.301,aaaa14598443330900000000000000000037ff4d000000000099ffb3029cff00002403000000002c2405241027401f781e401f401f401f401fb88800000000d7ddccdeb0dd0000b0a5aa000000000000491000000000000000000000000087
17:54:03.357,aaaa141991939708006ef1da0219ee36000b480d00362e300099ffb302a7
17:54:03.413,aaaa14598442330d000000000000000000d4ff0e00000000009cffb5029cff00002403000000002c2405241027401f781e401f401f401f401fb88800000000d7ddccdeb0dd0000b092000000000000491000000000000000000000000019
17:54:03.469,aaaa141991939708006ef1da0219ee36000b480d00372e30009cffb502a5a5
17:54:03.526,aaaa1459844333000000000000000000007c004f00000000009fffc1029cff00002403000000002c2405241027401f781e401f401f401f401fb88800000000d7dcccdeb0dd0000b09c00000000000049100000000000000000000000007b
17:54:03.570,aaaa141991939708006ef1da0219ee36000b480d00372e30009fffc102d2
17:54:03.627,aaaa1459844333fcff000000000000000085005c0000000000a0ffd1029cff00002403000000002c2405241027401f781e401f401f401f401fb88800000000d7dcccdeb0dd0000b0a0000000000000491000000000000000000000000081
17:54:03.672,aaaa141991939708006ef1da0219ee36000b480d00372e3000a0ffd102fd
17:54:03.728,aaaa145984433313000000000000000000a2007e0000000000a1ffdc029cff00002403000000002c2405241027401f781e401f401f401f401fb88800000000d7dcccdeb0dd0000b0a5a500000000000049100000000000000000000000009d
17:54:03.761,aaaa141991939708006ef1da0219ee36000b480d00372e3000a1ffdc02f1
17:54:03.807,aaaa1459844333010000000000000000009500660000000000a0ffde029cff00002403000000002c2405241027401f781e401f401f401f401fb88800000000d7dcccdeb0dd0000b066000000000000491000000000000000000000000060
17:54:03.862,aaaa141991939708006ef1da0219ee36000b480d00372e3000a0ffde02f2
17:54:03.908,aaaa1459844333190000000000000000009b00690000000000a0ffdd029cff00002403000000002c2405241027401f781e401f401f401f401fb88800000000d7dcccdeb0dd0000b0cc0000000000004910000000000000000000000000d0
17:54:03.953,aaaa141991939708006ef1da0219ee36000b480d00372e3000a0ffdd02f1
17:54:03.999,aaaa1459844333070000000000000000009b00680000000000a0ffdd029cff00002403000000002c2405241027401f781e401f401f401f401fb88800000000d7dcccdeb0dd0000b061000000000000491000000000000000000000000062
17:54:04.054,aaaa141991939708006ef1da0219ee36000b480d00372e3000a0ffdd02f1
17:54:04.122,aaaa14598442330a00000000000000000024001a00000000009effde029cff00002403000000002c2405241027401f781e401f401f401f401fb88800000000d7dcccdeb0dd0000b097000000000000491000000000000000000000000068
17:54:04.200,aaaa141991939708006ef1da0219ee36000b480d00372e30009effde02cc
17:54:04.257,aaaa14598442330f000000000000000000b5ff0d00000000009cffdc029cff00002403000000002c2405241027401f781e401f401f401f401fb88800000000d7ddccdeb0dd0000b0a0000000000000491000000000000000000000000022
17:54:04.301,aaaa141991939708006ef1da0219ee36000b480d00372e30009cffdc02cc
17:54:04.358,aaaa1459844233f6ff00000000000000003dff57000000000099ffd6029cff00002403000000002c2405241027401f781e401f401f401f401fb88800000000d7ddccdeb0dd0000b0a5aa0000000000004910000000000000000000000000f3
17:54:04.391,aaaa141991939708006ef1da0219ee36000b480d00382e300099ffd602cc
17:54:04.459,aaaa1459844333fdff0000000000000000d5fecb000000000095ffce029cff00002403000000002c2405241027401f781e401f401f401f401fb88800000000d7dcccdeb0dd0000b0b900000000000049100000000000000000000000008a
17:54:04.503,aaaa141991939708006ef1da0219ee36000b480d00382e300095ffce02d8
17:54:04.549,aaaa145984433315000000000000000000f3fe9b000000000097ffc3029cff00002403000000002c2405241027401f781e401f401f401f401fb88800000000d7dcccdeb0dd0000b0a00000000000004910000000000000000000000000fd
17:54:04.605,aaaa141991939708006ef1da0219ee36000b480d00382e300097ffc302d7
17:54:04.650,aaaa145984433306000000000000000000e7febd000000000096ffb5029cff00002403000000002c2405241027401f781e401f401f401f401fb88800000000d7dcccdeb0dd0000b0a00000000000004910000000000000000000000000ab
17:54:04.695,aaaa141991939708006ef1da0219ee36000b480d00382e300096ffb502a0
17:54:04.752,aaaa14598443330d000000000000000000c6fed7000000000095ffa3029cff00002403000000002c2405241027401f781e401f401f401f401fb88800000000d7dcccdeb0dd0000b0b40000000000004910000000000000000000000000ea
17:54:04.808,aaaa141991939708006ef1da0219ee36000b480d00382e300095ffa302b5
17:54:04.853,aaaa1459844333ffff0000000000000000a2fe03010000000093ff95029cff00002403000000002c2405241027401f781e401f401f401f401fb88800000000d7dcccdeb0dd0000b097000000000000491000000000000000000000000045
17:54:04.897,aaaa141991939708006ef1da0219ee36000b480d00382e300093ff950285
17:54:04.955,aaaa1459844333fdff0000000000000000bffeec000000000094ff8a029cff00002403000000002c2405241027401f781e401f401f401f401fb88800000000d7dcccdeb0dd0000b07000000000000049100000000000000000000000004b
17:54:05.011,aaaa141991939708006ef1da0219ee36000b480d00382e300094ff8a029d
17:54:05.055,aaaa14598443330a000000000000000000b0fef1000000000094ff7d029cff00002403000000002c2405241027401f781e401f401f401f401fb88800000000d7dcccdeb0dd0000b0b900000000000049100000000000000000000000006f
17:54:05.100,aaaa141991939708006ef1da0219ee36000b480d00382e300094ff7d026a
17:54:05.156,aaaa14598443330a000000000000000000bffedd000000000095ff6e029cff00002403000000002c2405241027401f781e401f401f401f401fb88800000000d7dcccdeb0dd0000b0b4000000000000491000000000000000000000000053
17:54:05.201,aaaa141991939708006ef1da0219ee36000b480d00382e300095ff6e0278
17:54:05.247,aaaa145984433304000000000000000000e5febb000000000096ff5d029cff00002403000000002c2405241027401f781e401f401f401f401fb88800000000d7dcccdeb0dd0000b092000000000000491000000000000000000000000077
17:54:05.302,aaaa141991939708006ef1da0219ee36000b480d00382e300096ff5d0248
17:54:05.371,aaaa145984433309000000000000000000eafe9d000000000096ff4d029cff00002403000000002c2405241027401f781e401f401f401f401fb88800000000d7dcccdeb0dd0000b0790000000000004910000000000000000000000000a8
17:54:05.437,aaaa141991939708006ef1da0219ee36000b480d00392e300096ff4d0259
17:54:05.484,aaaa14598444330f000000000000000000eafea5aa000000000096ff33029cff00002403000000002c2405241027401f781e401f401f401f401fb88800000000d7dcccdeb0dd0000b0a0000000000000491000000000000000000000000039
17:54:05.539,aaaa141991939708006ef1da0219ee36000b480d00392e300096ff330227
17:54:05.607,aaaa145984433306000000000000000000a4fe05010000000093ff29029cff00002403000000002c2405241027401f781e401f401f401f401fb88800000000d7dcccdeb0dd0000b0b40000000000004910000000000000000000000000dc
17:54:05.640,aaaa141991939708006ef1da0219ee36000b480d00392e300093ff290238
17:54:05.697,aaaa145984433318000000000000000000b7fd7601000000008fff2a029cff00002403000000002c2405241027401f781e401f401f401f401fb88800000000d7dcccdeb0dd0000b0cc0000000000004910000000000000000000000000c6
17:54:05.741,aaaa141991939708006ef1da0219ee36000b480d00392e30008fff2a0227
17:54:05.787,aaaa1459844333120000000000f8ff0000c4fee7000000000094ff36029cff00002403000000002c2405241027401f781e401f401f401f401fb88800000000d7dcccdeb0dd0000b0a0000000000000491000000000000000000000000040
17:54:05.831,aaaa141991939708006ef1da0219ee36000b480d00392e300094ff360220
17:54:05.888,aaaa1459844433100000000000f8ff00007efe30010000000092ff45029cff00002403000000002c2405241027401f781e401f401f401f401fb88800000000d7dcccdeb0dd0000b0af000000000000491000000000000000000000000053
17:54:05.944,aaaa141991939708006ef1da0219ee36000b480d00392e300092ff450255
17:54:06.012,aaaa14598442330c0000000000ecff0000beff2100000000009bff50029cff00002403000000002c2405241027401f781e401f401f401f401fb88800000000d7ddccdeb0dd0000b07500000000000049100000000000000000000000004b
17:54:06.078,aaaa141991939708006ef1da0219ee36000b480d00392e30009bff500249
17:54:06.136,aaaa1459844433030000000000ecff0000bf00430000000000a0ff5a029cff00002403000000002c2405241027401f781e401f401f401f401fb88800000000d7ddccdeb0dd0000b0a000000000000049100000000000000000000000003a
17:54:06.182,aaaa141991939708006ef1da0219ee36000b480d00392e3000a0ff5a0278
17:54:06.237,aaaa1459844333010000000000eaff0000e100660000000000a1ff70029cff00002403000000002c2405241027401f781e401f401f401f401fb88800000000d7ddccdeb0dd0000b08300000000000049100000000000000000000000004a
17:54:06.270,aaaa141991939708006ef1da0219ee36000b480d00392e3000a1ff700253
17:54:06.395,aaaa1459844333190000000000e9ff00007803990100000000adff96029cff00002403000000002c2405241027401f781e401f401f401f401fb88800000000d7dcccdeb0dd0000b0af0000000000004910000000000000000000000000f2
17:54:06.451,aaaa141991939708006ef1da0219ee36000b480d003a2e3000adff9602ba
17:54:06.484,aaaa14598440332100000000002c0000004c05f70100000000b3ffe0029cff00002403000000002c2405241027401f781e401f401f401f401fb88800000000d7dcccdeb0dd0000b0a5a50000000000004910000000000000000000000000cd
17:54:06.528,aaaa141991939708006ef1da0219ee36000b480d003a2e3000b3ffe002d2
17:54:06.586,aaaa1459843d333200000000003800000054073a0200000000b7ff0e039cff00002403000000002c2405241027401f781e401f401f401f401fb88800000000d7dcccdeb0dd0000b0a5a5000000000000491000000000000000000000000088
17:54:06.630,aaaa141991939708006ef1da0219ee36000b480d003a2e3000b7ff0e0339
17:54:06.664,aaaa1459843c334500000000005f0000005d09600200000000bcff35039cff00002403000000002c2405241027401f781e401f401f401f401fb88800000000d7dcccddb0dd0000b0830000000000004910000000000000000000000000d1
17:54:06.720,aaaa141991939708006ef1da0219ee36000b480d003a2e3000bcff350309
17:54:06.777,aaaa1459843733620000000000ae0000009f0abe0200000000bfff5e039cff00002403000000002c2405241027401f781e401f401f401f401fb88800000000d7dcccdeb0dd0000b07500000000000049100000000000000000000000008e
17:54:06.832,aaaa141991939708006ef1da0219ee36000b480d003a2e3000bfff5e0361
17:54:06.878,aaaa1459843333880000000000fb000000950c1603b2006300c2ff77039cff00002403000000002c2405241027401f781e401f401f401f401fb88800000000d7dcccdeb0dd0000b0c80000000000004910000000000000000000000000a8
17:54:06.922,aaaa141991939708006ef1da0219ee36000b480d003a2e3000c2ff770335
17:54:06.992,aaaa1459842633d100000000003b01000052107d031101a100cbff50039cff00002403000000002c2405241027401f781e401f401f401f401fb88800000000d7dcccdeb0dd0000b0b90000000000004910000000000000000000000000a5aa
17:54:07.046,aaaa141991939708006ff1da0219ee36000b480d003a2e3000cbff50031a
17:54:07.103,aaaa14598440331c0000000000510100003d02bd0224001700abffbe029cff00002403000000002c2405241027401f781e401f401f401f401fb88800000000d7dcccdeb0dd0000b09c0000000000004910000000000000000000000000ff
17:54:07.136,aaaa1419919397080072f1da0219ee36000b480d003a2e3000abffbe0288
17:54:07.182,aaaa145984353368000000000007010000670a060388005600bdffe4019cff00002403000000002c2405241027401f781e401f401f401f401fb88800000000d7dcccdeb0dd0000b0a00000000000004910000000000000000000000000de
17:54:07.226,aaaa1419919397080072f1da0219ee36000b480d003a2e3000bdffe401c7
17:54:07.283,aaaa1459841d330e01000000001d01000060149b036101b600d5ff0e019cff00002403000000002c2405241027401f781e401f401f401f401fb88800000000d7dcccdeb0dd0000b0cc0000000000004910000000000000000000000000e9
17:54:07.316,aaaa1419919397080074f1da0219ee36000b480d003a2e3000d5ff0e0143
17:54:07.384,aaaa1459840933990100000000a6010000a619320416025401e0ff6a009cff00002403000000002c2405241027401f781e401f401f401f401fb88800000000d7dcccdeb0dd0000b0a000000000000049100000000000000000000000001f
17:54:07.417,aaaa1419919397080076f1da0219ee36000b480d003b2e3000e0ff6a0010
17:54:07.474,aaaa145984f1322c0200000000450200009a1cf404d5020a02f2ff20009cff09002403000000002c2405241027401f781e401f401f401f401fb88800000000d7dcccdeb0dd0000b0a5a5000000000000491000000000000000000000000085
17:54:07.518,aaaa141991939708007bf1da0219ee36000b480d003b2e3000f2ff200045
17:54:07.576,aaaa145984033399010000000088020000cb15f504d5020a02010034009cff29002503000000002c2405241027401f781e401f401f401f401fb88800000000d7dcccdeb0dd0000b0a5a500000000000049100000000000000000000000006d
17:54:07.631,aaaa1419919497080081f1da0219ee36000b480d003b2e300001003400a0
17:54:07.700,aaaa145984ee32410200000000b5020000a41b4705f0025a021a002d009cff37002503000000002c2405241027401f781e401f401f401f401fb88800000000d7dcccdeb0dd0000b0af0000000000004910000000000000000000000000d6
17:54:07.744,aaaa1419919497080087f1da0219ee36000b480d003b2e30001a002d00a4
17:54:07.812,aaaa145984ec3237020000000012030000a0198705e302790229003a009cff4b002503000000002c2405241027401f781e401f401f401f401fb88800000000d7dcccdeb0dd0000b0a00000000000004910000000000000000000000000a5a5
17:54:07.879,aaaa1419919497080095f1da0219ee36000c480d003b2e300029003a0095
17:54:07.935,aaaa14598404338f010000000035030000541258050902d90131000f009cff63002503000000002c2405241027401f781e401f401f401f401fb88800000000d7dcccdeb0dd0000b0a5a50000000000004910000000000000000000000000b9
17:54:08.003,aaaa141991949708009bf1da0219ee36000c480d003b2e300031000f00b6
17:54:08.048,aaaa145984f832df01000000002f030000a5aa156e0570022b023500e4ff9cff61002503000000002c2405241027401f781e401f401f401f401fb88800000000d7dcccdeb0dd0000b0a000000000000049100000000000000000000000005e
17:54:08.104,aaaa14199194970800a1f1da0219ee36000c480d003b2e30003500e4ff9c
17:54:08.149,aaaa145984de32b602000000005c030000601be3058703e4024400caff9cff62002503000000002c2405241027401f781e401f401f401f401fb88800000000d7dcccdeb0dd0000b0cc000000000000491000000000000000000000000021
17:54:08.206,aaaa14199194970800a9f1da0219ee36000c480d003b2e30004400caffcb
17:54:08.250,aaaa145984bf326b0300000000a8030000722066067004bb036200dfff9cff74002503000000002c2405241027401f781e401f401f401f401fb88800000000d7dbccdeb0dd0000b0700000000000004910000000000000000000000000f7
17:54:08.295,aaaa14199194970800b4f1da0219ee36000c480d003b2e30006200dfffe5
17:54:08.352,aaaa1459848e3280040000000003040000a3260107d205e00488003b009cff8d002503000000002c2405241027401f781e401f401f401f401fb88800000000d7dbccdeb0dd0000b0a5a5000000000000491000000000000000000000000015
17:54:08.385,aaaa14199194970800c1f1da0219ee36000c480d003c2e300088003b0066
17:54:08.431,aaaa1459843c32a4060000000084040000623102088a080407b800c2009cffa7002503000000002c2405241027401f781e401f401f401f401fb88800000000d7dbccdeb0dd0000b0a0000000000000491000000000000000000000000088
17:54:08.463,aaaa14199194970800d5f1da0219ee36000c480d003c2e3000b800c200bb
17:54:08.532,aaaa145984f731840800000000480500001b371809e40a2809df0007019cffbf002503000000002c2405241027401f781e401f401f401f401fb88800000000d7dcccdeb0dd0000b0a0000000000000491000000000000000000000000035
17:54:08.576,aaaa14199194970800eef1da0219ee36000c480d003c2e3000df00070123
17:54:08.633,aaaa145984d131930900000000fe050000f437090a350c8d0af600e5009cffd6002503000000002c2405241027401f781e401f401f401f401fb88800000000d7dbccdeb0dd0000b0880000000000004910000000000000000000000000b3
17:54:08.678,aaaa141991949708000cf2da0219ee36000c480d003c2e3000f600e50008
17:54:08.746,aaaa145984e531cf080000000097060000b031490a400b4d0afe0099009cffec002503000000002c2405241027401f781e401f401f401f401fb88800000000d7dbccdeb0dd0000b0b4000000000000491000000000000000000000000072
17:54:08.790,aaaa1419919497080029f2da0219ee36000d480d003c2e3000fe00990058
17:54:08.847,aaaa145984db311f0900000000240700007730ac0aa40be30a0e0127009cff01012503000000002c2405241027401f781e401f401f401f401fb88800000000d7dbccdeb0dd0000b0d6000000000000491000000000000000000000000087
17:54:08.904,aaaa1419919497080046f2da0219ee36000d480d003c2e30000e01270078
17:54:08.948,aaaa145984db31d80800000000bb070000372d2a0b490bff0a1b01b7ff9cff14012503000000002c2405241027401f781e401f401f401f401fb88800000000d7dbccdeb0dd0000b0e00000000000004910000000000000000000000000ac
17:54:09.015,aaaa1419919497080063f2da0219ee36000d480d003c2e30001b01b7ff27
17:54:09.083,aaaa14598498318e0a00000000b80800009e2f550c840c490c44016dff9cff39012503000000002c2405241027401f781e401f401f401f401fb88800000000d7dbccdeb0dd0000b09c0000000000004910000000000000000000000000ca
17:54:09.127,aaaa1419919497080082f2da0219ee36000d480d003c2e300044016dff43
17:54:09.174,aaaa14598472316f0b00000000400900004d32120d660d100d570170ff9cff4a012503000000002c2405241027401f781e401f401f401f401fb88800000000d7dbccdeb0dd0000b0b400000000000049100000000000000000000000005f
17:54:09.228,aaaa14199194970800a4f2da0219ee36000d480d003c2e3000570170ff6b
17:54:09.274,aaaa14598480312d0b00000000c3090000ec2d610d780ea40e620162ff9cff5b012503000000002c2405241027401f781e401f401f401f401fb88800000000d7dbccdeb0dd0000b088000000000000491000000000000000000000000001
17:54:09.330,aaaa14199194970800c8f2da0219ee36000d480d003c2e3000620162ff20
17:54:09.376,aaaa1459845731e50b000000003f0a00001e30190e290e1b0e71014eff9cff6a012503000000002c2405241027401f781e401f401f401f401fb88800000000d7dbccdeb0dd0000b088000000000000491000000000000000000000000095
17:54:09.408,aaaa14199194970800ecf2da0219ee36000d480d003d2e300071014eff3a
17:54:09.455,aaaa1459845731e50b000000003f0a00001e30190e060f830f71014eff9cff6a012503000000002c2405241027401f781e401f401f401f401fb88800000000d7dbccdeb0dd0000b0a000000000000049100000000000000000000000000a
17:54:09.499,aaaa1419919497080012f3da0219ee36000d480d003d2e300071014effc5
17:54:09.555,aaaa1459843e318e0c00000000c50a00000430830ed30f4510800136ff9cff79012503000000002c2405241027401f781e401f401f401f401fb88800000000d7dbccdeb0dd0000b0f80000000000004910000000000000000000000000bb
17:54:09.600,aaaa1419919497080039f3da0219ee36000d480d003d2e3000800136ff67
17:54:09.656,aaaa1459841a31620d00000000530b000054315e0fd2109411910110ff9cff88012503000000002c2405241027401f781e401f401f401f401fb88800000000d7dbccdeb0dd0000b0a0000000000000491000000000000000000000000038
17:54:09.702,aaaa1419919497080063f3da0219ee36000d480d003d2e3000910110ff0a
17:54:09.781,aaaa1459840331fb0d00000000c60b0000c63144108a117012a2013bff9cff95012503000000002c2405241027401f781e401f401f401f401fb88800000000d7dbccdeb0dd0000b097000000000000491000000000000000000000000036
17:54:09.825,aaaa141991959708008ff3da0219ee36000e480d003d2e3000a2013bfffc
17:54:09.871,aaaa145984f330950e000000004b0c0000cf30a6104512e112a5aa01baff9cffa1012603000000002c2405241027401f781e401f401f401f401fb88800000000d7dbccdeb0dd0000b097000000000000491000000000000000000000000029
17:54:09.926,aaaa14199195970800bdf3da0219ee36000e480d003d2e3000a5aa01baff47
17:54:09.971,aaaa145984d2302a0f00000000d90c00006c313211f312fb13b90101009cffad012603000000002c2405241027401f781e401f401f401f401fb88800000000d7dbccdeb0dd0000b070000000000000491000000000000000000000000002
17:54:10.027,aaaa14199195970800edf3da0219ee36000e480d003d2e3000b901010040
17:54:10.074,aaaa145984c630770f00000000510d0000e13091114f137b14c2011a009cffba012603000000002c2405241027401f781e401f401f401f401fb88800000000d7dbccdeb0dd0000b0a5aa00000000000049100000000000000000000000007a
17:54:10.117,aaaa141991959708001ef4da0219ee36000e480d003d2e3000c2011a00d4
17:54:10.175,aaaa145984ff30c30d00000000c00d0000702a9b1142115c12c301ffff9cffc5012603000000002c2405241027401f781e401f401f401f401fb88800000000d7dbccdeb0dd0000b0a5a50000000000004910000000000000000000000000a0
17:54:10.218,aaaa141991959708004cf4da0219ee36000e480d003d2e3000c301ffff9d
17:54:10.264,aaaa145984c330810f00000000560e00004d2d98125a136f14d101e7ff9cffcf012603000000002c2405241027401f781e401f401f401f401fb88800000000d7dbccdfb0dd0000b0a0000000000000491000000000000000000000000058
17:54:10.309,aaaa141991959708007cf4da0219ee36000e480d003d2e3000d101e7ffa7
17:54:10.355,aaaa145984e430340e000000009f0e0000092aa712c6115713d50141009cffd7012603000000002c2405241027401f781e401f401f401f401fb88800000000d7dbccdfb0dd0000b0880000000000004910000000000000000000000000b2
17:54:10.399,aaaa14199195970800a5aaf4da0219ee36000e480d003e2e3000d50141002f
17:54:10.444,aaaa145984b3307a0f000000000d0f0000eb2b5f134b13cd14e101e1009cffe1012603000000002c2405241027401f781e401f401f401f401fb88800000000d7dbccdfb0dd0000b0a5aa0000000000004910000000000000000000000000b1
17:54:10.500,aaaa14199195970800dbf4da0219ee36000e480d003e2e3000e101e100ca
17:54:10.569,aaaa14598494307a10000000007b0f0000da2cdb137d14d915ec013e019cffea012603000000002c2405241027401f781e401f401f401f401fb88800000000d7dbccdfb0dd0000b0a5aa0000000000004910000000000000000000000000b1
17:54:10.623,aaaa141991959708000ef5da0219ee36000e480d003e2e3000ec013e01cd
17:54:10.680,aaaa1459848e306b10000000005c100000842aac141913cf14f7016f009cfffb012603000000002c2405241027401f781e401f401f401f401fb88800000000d7dbccdfb0dd0000b09c0000000000004910000000000000000000000000b2
17:54:10.725,aaaa1419919597080040f5da0219ee36000e480d003e2e3000f7016f00c8
17:54:10.771,aaaa1459848e306b10000000005c100000842aac146814e315f7016f009cfffb012603000000002c2405241027401f781e401f401f401f401fb88800000000d7dbccdfb0dd0000b0d10000000000004910000000000000000000000000a4
17:54:10.826,aaaa1419919697080073f5da0219ee36000f480d003e2e3000f7016f00f9
17:54:10.894,aaaa1459847830f51000000000b91000000f2b2c150a15a816ff01e6ff9cff02022703000000002c2405241027401f781e401f401f401f401fb88800000000d7dbccdfb0dd0000b0830000000000004910000000000000000000000000de
17:54:10.950,aaaa14199196970800a8f5da0219ee36000f480d003e2e3000ff01e6ff5c
17:54:10.995,aaaa1459847230d81000000000731100001c29b515e31492160b0267009cff11022703000000002c2405241027401f781e401f401f401f401fb88800000000d7dbccdfb0dd0000b09c0000000000004910000000000000000000000000ed
17:54:11.062,aaaa14199196970800dbf5da0219ee36000f480d003e2e30000b026700a6
17:54:11.108,aaaa1459845230c71100000000fc110000dc2a1d16fd15411813028f009cff16022703000000002c2405241027401f781e401f401f401f401fb88800000000d7dbccdfb0dd0000b0b9000000000000491000000000000000000000000024
17:54:11.152,aaaa141991969708000ff6da0219ee36000f480d003e2e300013028f0081
17:54:11.210,aaaa145984613024110000000067120000992895163a158217140242009cff1d022703000000002c2405241027401f781e401f401f401f401fb88800000000d7dbccdfb0dd0000b083000000000000491000000000000000000000000053
17:54:11.265,aaaa1419919697080047f6da0219ee36000f480d003e2e30001402420003
17:54:11.325,aaaa1459845c308a1100000000be1200000a280917b6159d171b026bff9cff24022703000000002c2405241027401f781e401f401f401f401fb88800000000d7dbccdfb0dd0000b0a0000000000000491000000000000000000000000047
17:54:11.377,aaaa14199196970800b4f6da0219ee36000f480d003e2e30001b026bff29
17:54:11.435,aaaa1459847330c410000000001413000049261e17cb14fc161a02a1fe9cff29022703000000002c2405241027401f781e401f401f401f401fb88800000000d7dbccdfb0dd0000b0b9000000000000491000000000000000000000000014
17:54:11.489,aaaa14199196970800eaf6da0219ee36000f480d003f2e30001a02a1febc
17:54:11.603,aaaa145984bd2fe815000000009a130000362ee318c51a811c2e0254fe9cff2d022703000000002c2405241027401f781e401f401f401f401fb88800000000d7dbccdfb0dd0000b09200000000000049100000000000000000000000007e
17:54:11.647,aaaa141991979708002af7da0219ee36000f480d003f2e30002e0254febd
17:54:11.715,aaaa1459845130ce1000000000891400009b237b18c9140217230299fe9cff37022803000000002c2405241027401f781e401f401f401f401fb88800000000d7dbccdfb0dd0000b0be0000000000004910000000000000000000000000f1
17:54:11.761,aaaa141991979708006af7da0219ee36000f480d003f2e3000230299fe3d
17:54:11.797,aaaa145984dd30060d000000002a150000e71a54184a10ea111a0245fe9cff3c022803000000002724ff231027401f781e401f401f401f401fb88800000000d7dbccdfb0dd0000b0b400000000000049100000000000000000000000001b
17:54:11.838,aaaa14199197970800a2f7da0219ee360010480d003f2e30001a0245fe0f
17:54:11.895,aaaa1459848932b90100000000df1400003803a5aa143a021d02d9012ffe9cff32022803000000002724ff231027401f781e401f401f401f401fb88800000000d7dbccdfb0dd0000b09c000000000000491000000000000000000000000034
17:54:11.951,aaaa14199197970800d0f7da0219ee360010480d003f2e3000d9012ffed7
17:54:12.132,aaaa1459842533dafd000000009a1400009ff9c91030fddefb720184fe9cffee012803000000002724ff231027401f781e401f401f401f401fb88800000000d7dbccdfb0dd0000b09c000000000000491000000000000000000000000069
17:54:12.210,aaaa14199197970800e1f7da0219ee360010480d003f2e3000720184fee6
17:54:12.246,aaaa1459843b33a8fd00000000e713000059f8c00feefc36fbec00d1fe9cff6e012803000000002724ff231027401f781e401f401f401f401fb88800000000d8dbccdfb0dd0000b0a5a50000000000004910000000000000000000000000e5
17:54:12.301,aaaa14199198970800e1f7da0228ee360010480d003f2e3000ec00d1fe12
17:54:12.718,aaaa145984793310fc000000007a130000a7f3370fd0fa6ff8a5aa001fff9cff33012903000000002724ff231027401f781e401f401f401f401fb88800000000d8dbccdfb0dd0000b0a5aa000000000000491010000000000000000000000029
17:54:12.796,aaaa14199198970800e1f7da0261ee360010480d00402e3000a5aa001fffad
17:54:13.156,aaaa14598466335cfd000000009e11000043f6b20d87fc9afaa4ff55009cff2f002903000000002724ff231027401f781e401f401f401f401fb88800000000d8dbccdfb0dd0000b097000000000000491010000000000000000000000039
17:54:13.178,aaaa14199198970800e1f7da0270ee360011480d00402e3000a4ff5500f9
17:54:13.213,aaaa145984a5a533eafb00000000581000005ff1650cbef925f70dff41019cffa2ff2a03000000002724ff231027401f781e401f401f401f401fb88800000000d8dcccdfb0dd0000b0750000000000004910100000000000000000000000e6
17:54:13.256,aaaa14199199970800e1f7da02a8ee360011480d00402e30000dff41019c
17:54:13.291,aaaa145984a5a533eafb00000000581000005ff1650c9afa7af80dff41019cffa2ff2a03000000002724ff231027401f781e401f401f401f401fb88800000000d8dcccdfb0dd0000b0be00000000000049101000000000000000000000005a
17:54:13.314,aaaa14199199970800e1f7da02b6ee360011480d00402e30000dff410182
17:54:13.348,aaaa145984943368fc0000000038100000d2f2740c42fb46f9f5fe24019cff85ff2a03000000002724ff231027401f781e401f401f401f401fb88800000000d8dcccdfb0dd0000b075000000000000491010000000000000000000000085
17:54:13.380,aaaa14199199970800e1f7da02b6ee360011480d00402e3000f5fe24011e
17:54:13.393,aaaa1459849d332ffc00000000cf0f0000bff1f80b42fb46f9d5feba009cff69ff2a03000000002224fa231027401f781e401f401f401f401fb88800000000d8dbccdfb0dd0000b09c00000000000049101000000000000000000000007b
17:54:13.427,aaaa14199199970800e1f7da02c3ee360011480d00412e3000d5feba00d5
17:54:13.527,aaaa1459849d332ffc00000000cf0f0000bff1f80bf6fae9f8d5feba009cff69ff2a03000000002224fa231027401f781e401f401f401f401fb88800000000d8dbccdfb0dd0000b0b9000000000000491010000000000000000000000045
17:54:13.561,aaaa145984533331fe00000000a60f0000ddf8690ca0fd7dfcc5fe52009cff46ff2a03000000002224fa231027401f781e401f401f401f401fb88800000000d8dbccdfb0dd0000b0c300000000000049101000000000000000000000006f
17:54:13.921,aaaa14199199970800e1f7da02d8ee360011480d00412e3000c5fe520036
17:54:14.057,aaaa1459847a3345fd000000007c0f0000b4f5030c67fcfcfabdfe24009cff47ff2a03000000002224fa231027401f781e401f401f401f401fb88800000000d8dbccdfb0dd0000b079000000000000491010000000000000000000000011
17:54:14.181,aaaa1419919a970800e1f7da02f8ee360012480d00412e3000bdfe240018
17:54:14.259,aaaa145984db33ebfa000000005c0e00005bea890a41f939f64bfe3e009cffeefe2b03000000001d24f5231027401f781e401f401f401f401fb88800000000d8dcccdfb0dd0000b07e0000000000004910100000000000000000000000db
17:54:14.268,aaaa1419919a970800e1f7da022aef360012480d00412e30004bfe3e0027
17:54:14.482,aaaa1459840c34a4f9000000001e0d00005ae13209e0f709f4dbfd89009cff94fe2b03000000001d24f5231027401f781e401f401f401f401fb88800000000d8dcccdfb0dd0000b070000000000000491010000000000000000000000079
17:54:14.649,aaaa1419919a970800e1f7da023eef360012480d00412e3000dbfd890017
17:54:14.650,aaaa145984ef339dfa000000002d0c000049e48a08d7f862f5a8fd9e009cff5dfe2b03000000001d24f5231027401f781e401f401f401f401fb88800000000d8dcccdfb0dd0000b0790000000000004910100000000000000000000000cc
17:54:14.708,aaaa1419919a970800e1f7da028cef360012480d00422e3000a8fd9e00c2aaaa145984de3341fb00000000530b000099e5c707b3f998f678fdb0009cff2bfe2b03000000001d24f5231027401f781e401f401f401f401fb88800000000d8dcccdfb0dd0000b09c00000000000049101000000000000000000000003b
17:54:14.752,aaaa1419919a970800e1f7da028cef360012480d00422e300078fdb0003c
17:54:14.832,aaaa145984d4337bfb00000000f30a0000c3e56d0701faf6f661fdad009cff14fe2b03000000001d24f5231027401f781e401f401f401f401fb88800000000d8dbccdfb0dd0000b0970000000000004910100000000000000000000000b2
17:54:14.890,aaaa1419919a970800e1f7da02acef360013480d00422e300061fdad0019
17:54:14.944,aaaa145984cc33bafb000000007d0a0000e2e5210756fa62f74cfdae009cfffefd2b03000000001824f0231027401f781e401f401f401f401fb88800000000d8dbccdfb0dd0000b0be0000000000004910100000000000000000000000a4
17:54:14.999,aaaa1419919b970800e1f7da02bbef360013480d00422e30004cfdae0021
17:54:15.056,aaaa145984c23306fc000000002e0a000070e7cb06bcfa22f83cfdad009cffebfd2c03000000001824f0231027401f781e401f401f401f401fb88800000000d8dcccdfb0dd0000b0a5aa0000000000004910100000000000000000000000ee
17:54:15.111,aaaa1419919b970800e1f7da02c9ef360013480d00422e30003cfdad0020
17:54:15.372,aaaa145984af3381fc000000009509000007e9500660fb13f927fd9e009cffd1fd2c03000000001824f0231027401f781e401f401f401f401fb88800000000d8dcccdfb0dd0000b0a00000000000004910100000000000000000000000ab
17:54:16.172,aaaa1419919b970800e1f7da0228f0360014480d00432e300027fd9e00f0
