01:29:20.179,55aa19280000000000000032f562000100090018
01:29:20.192,5a5a5a5a55aa002260b7440002c7002100000000
01:29:20.199,000a04185a5a5a5a
01:29:20.389,55aa19280000000000000032f567000100090018
01:29:20.391,5a5a5a5a55aa002260b7440002d0002100000000
01:29:20.402,000a04185a5a5a5a
01:29:20.598,55aa19280019000000000032f56a000100090018
01:29:20.601,5a5a5a5a55aa002260b7440002d0002100000000
01:29:20.607,000a04185a5a5a5a
01:29:20.795,55aa1928fff400000000fff6f56b000100090018
01:29:20.798,5a5a5a5a55aa002260b7440002d0002100000000
01:29:20.807,000a04185a5a5a5a
01:29:21.020,55aa1928000000000000ffe2f56c000100090018
01:29:21.034,5a5a5a5a55aa002260b7440002cf002100000000
01:29:21.041,000a04185a5a5a5a
01:29:21.199,55aa1928fff000000000ffe2f570000100090018
01:29:21.212,5a5a5a5a55aa002260b7440002d0002100000000
01:29:21.231,000a04185a5a5a5a
01:29:21.425,55aa1928000000000000ffc4f573000100090018
01:29:21.427,5a5a5a5a55aa002260b7440002d0002100000000
01:29:21.432,000a04185a5a5a5a
01:29:21.635,55aa1928ffe700000000ffcef574000100090018
01:29:21.641,5a5a5a5a55aa002260b7440002d0002100000000
01:29:21.651,000a04185a5a5a5a
01:29:21.829,55aa1928000000000000ffd8f56d000100090018
01:29:21.832,5a5a5a5a55aa002260b7440002d0002100000000
01:29:21.838,000a04185a5a5a5a
01:29:22.023,55aa19280003000000000014f573000100090018
01:29:22.025,5a5a5a5a55aa002260b7440002d0002100000000
01:29:22.035,000a04185a5a5a5a
01:29:22.220,55aa19280002000000000014f574000100090018
01:29:22.234,5a5a5a5a55aa002260b7440002d0002100000000
01:29:22.240,000a04185a5a5a5a
01:29:22.429,55aa1928fffe00000000ffcef577000100090018
01:29:22.431,5a5a5a5a55aa002260b7440002d0002100000000
01:29:22.444,000a04185a5a5a5a
01:29:22.677,55aa1928ffec00000000ffd8f57b000100090018
01:29:22.679,5a5a5a5a55aa002260b7440002d0002100000000
01:29:22.684,000a04185a5a5a5a
01:29:22.835,55aa1928fff000000000ffe2f57a000100090018
01:29:22.839,5a5a5a5a55aa002260b7440002d0002100000000
01:29:22.847,000a04185a5a5a5a
01:29:23.043,55aa1928fffb000000000032f57f000100090018
01:29:23.045,5a5a5a5a55aa002260b7440002d0002100000000
01:29:23.061,000a04185a5a5a5a
01:29:23.240,55aa1928000d000000000050f580000100090018
01:29:23.252,5a5a5a5a55aa002260b7440002d0002100000000
01:29:23.258,000a04185a5a5a5a
01:29:23.450,55aa19280019000000000028f580000100090018
01:29:23.452,5a5a5a5a55aa002260b7440002d0002100000000
01:29:23.464,000a04185a5a5a5a
01:29:23.662,55aa1928000000000000001ef583000100090018
01:29:23.665,5a5a5a5a55aa002260b7440002d0002100000000
01:29:23.676,000a04185a5a5a5a
01:29:23.870,55aa19280003000000000046f586000100090018
01:29:23.873,5a5a5a5a55aa002260b7440002d0002100000000
01:29:23.886,000a04185a5a5a5a
01:29:24.065,55aa1928fff900000000ffc4f589000100090018
01:29:24.067,5a5a5a5a55aa002260b7440002d0002100000000
01:29:24.078,000a04185a5a5a5a
01:29:24.260,55aa1928000000000000ff6af58a000100090018
01:29:24.263,5a5a5a5a55aa002260b7440002d0002100000000
01:29:24.272,000a04185a5a5a5a
01:29:24.470,55aa1928000c000000000032f58c000100090018
01:29:24.473,5a5a5a5a55aa002260b7440002d0002100000000
01:29:24.483,000a04185a5a5a5a
01:29:24.681,55aa1928001000000000ffc4f58a000100090018
01:29:24.683,5a5a5a5a55aa002260b7440002d0002100000000
01:29:24.691,000a04185a5a5a5a
01:29:24.875,55aa1928000000000000ff92f58e000100090018
01:29:24.878,5a5a5a5a55aa002260b7440002d0002100000000
01:29:24.887,000a04185a5a5a5a
01:29:25.085,55aa1928000000000000ff92f597000100090018
01:29:25.088,5a5a5a5a55aa002260b7440002cf002100000000
01:29:25.098,000a04185a5a5a5a
01:29:25.280,55aa1928000000000000ffecf598000100090018
01:29:25.283,5a5a5a5a55aa002260b7440002cf002100000000
01:29:25.294,000a04185a5a5a5a
01:29:25.499,55aa1928001d000000000028f599000100090018
01:29:25.502,5a5a5a5a55aa002260b7440002d0002100000000
01:29:25.509,000a04185a5a5a5a
01:29:25.686,55aa19280008000000000028f595000100090018
01:29:25.699,5a5a5a5a55aa002260b7440002d0002100000000
01:29:25.707,000a04185a5a5a5a
01:29:25.896,55aa1928000000000000000af599000100090018
01:29:25.898,5a5a5a5a55aa002260b7440002d0002100000000
01:29:25.909,000a04185a5a5a5a
01:29:26.106,55aa1928000000000000003cf595000100090018
01:29:26.108,5a5a5a5a55aa002260b7440002d0002100000000
01:29:26.132,000a04185a5a5a5a
01:29:26.299,55aa1928ffff00000000ffe2f59d000100090018
01:29:26.331,5a5a5a5a55aa002260b7440002d0002100000000
01:29:26.338,000a04185a5a5a5a
01:29:26.511,55aa1928000000000000003cf5a4000100090018
01:29:26.514,5a5a5a5a55aa002260b7440002d0002100000000
01:29:26.524,000a04185a5a5a5a
01:29:26.706,55aa19280017000000000032f5a3000100090018
01:29:26.720,5a5a5a5a55aa002260b7440002d0002100000000
01:29:26.727,000a04185a5a5a5a
01:29:26.921,55aa19280004000000000000f5a0000100090018
01:29:26.925,5a5a5a5a55aa002260b7440002d0002100000000
01:29:26.935,000a04185a5a5a5a
01:29:27.126,55aa1928000300000000003cf59e000100090018
01:29:27.128,5a5a5a5a55aa002260b7440002d0002100000000
01:29:27.133,000a04185a5a5a5a
01:29:27.319,55aa1928fff700000000ffbaf5a6000100090018
01:29:27.322,5a5a5a5a55aa002260b7440002d0002100000000
01:29:27.333,000a04185a5a5a5a
01:29:27.531,55aa1928fff800000000ffd8f5ab000100090018
01:29:27.535,5a5a5a5a55aa002260b7440002d0002100000000
01:29:27.543,000a04185a5a5a5a
01:29:27.726,55aa1928000000000000ffd8f5ab000100090018
01:29:27.741,5a5a5a5a55aa002260b7440002d0002100000000
01:29:27.747,000a04185a5a5a5a
01:29:27.935,55aa19280012000000000050f5ae000100090018
01:29:27.940,5a5a5a5a55aa002260b7440002d0002100000000
01:29:27.972,000a04185a5a5a5a
01:29:28.161,55aa1928001200000000000af5b1000100090018
01:29:28.163,5a5a5a5a55aa002260b7440002d0002100000000
01:29:28.167,000a04185a5a5a5a
01:29:28.341,55aa19280014000000000046f5b3000100090018
01:29:28.343,5a5a5a5a55aa002260b7440002d0002100000000
01:29:28.355,000a04185a5a5a5a
01:29:28.550,55aa19280000000000000050f5b1000100090018
01:29:28.553,5a5a5a5a55aa002260b7440002d0002100000000
01:29:28.565,000a04185a5a5a5a
01:29:28.747,55aa1928000a000000000028f5b2000100090018
01:29:28.761,5a5a5a5a55aa002260b7440002d0002100000000
01:29:28.767,000a04185a5a5a5a
01:29:28.957,55aa19280000000000000000f5b7000100090018
01:29:28.959,5a5a5a5a55aa002260b7440002d0002100000000
01:29:28.969,000a04185a5a5a5a
01:29:29.167,55aa19280002000000000032f5b8000100090018
01:29:29.170,5a5a5a5a55aa002260b7440002d0002100000000
01:29:29.178,000a04185a5a5a5a
01:29:29.359,55aa19280000000000000050f5b8000100090018
01:29:29.362,5a5a5a5a55aa002260b7440002d0002100000000
01:29:29.375,000a04185a5a5a5a
01:29:29.570,55aa1928000c00000000003cf5c0000100090018
01:29:29.573,5a5a5a5a55aa002260b7440002d0002100000000
01:29:29.585,000a04185a5a5a5a
01:29:29.767,55aa19280000000000000032f5c1000100090018
01:29:29.782,5a5a5a5a55aa002260b7440002d0002100000000
01:29:29.789,000a04185a5a5a5a
01:29:29.974,55aa1928000f00000000003cf5c0000100090018
01:29:29.976,5a5a5a5a55aa002260b7440002d0002100000000
01:29:29.988,000a04185a5a5a5a
01:29:30.187,55aa19280000000000000046f5c2000100090018
01:29:30.189,5a5a5a5a55aa002260b7440002d0002100000000
01:29:30.195,000a04185a5a5a5a
01:29:30.382,55aa19280019000000000046f5c4000100090018
01:29:30.385,5a5a5a5a55aa002260b7440002d0002100000000
01:29:30.395,000a04185a5a5a5a
01:29:30.595,55aa19280000000000000028f5c6000100090018
01:29:30.598,5a5a5a5a55aa002260b7440002d0002100000000
01:29:30.605,000a04185a5a5a5a
01:29:30.788,55aa19280000000000000014f5c5000100090018
01:29:30.801,5a5a5a5a55aa002260b7440002d0002100000000
01:29:30.808,000a04185a5a5a5a
01:29:30.997,55aa19280000000000000028f5cb000100090018
01:29:31.000,5a5a5a5a55aa002260b7440002cf002100000000
01:29:31.010,000a04185a5a5a5a
01:29:31.208,55aa1928001400000000003cf5ce000100090018
01:29:31.219,5a5a5a5a55aa002260b7440002d0002100000000
01:29:31.226,000a04185a5a5a5a
01:29:31.402,55aa1928000000000000001ef5cd000100090018
01:29:31.405,5a5a5a5a55aa002260b7440002d0002100000000
01:29:31.415,000a04185a5a5a5a
01:29:31.613,55aa19280005000000000028f5d1000100090018
01:29:31.615,5a5a5a5a55aa002260b7440002d0002100000000
01:29:31.625,000a04185a5a5a5a
01:29:31.805,55aa1928ffec00000000ffb0f5d2000100090018
01:29:31.822,5a5a5a5a55aa002260b7440002d0002100000000
01:29:31.829,000a04185a5a5a5a
01:29:32.015,55aa1928000000000000ffb0f5d3000100090018
01:29:32.018,5a5a5a5a55aa002260b7440002d0002100000000
01:29:32.031,000a04185a5a5a5a
01:29:32.228,55aa1928000000000000ffd8f5d6000100090018
01:29:32.231,5a5a5a5a55aa002260b7440002d0002100000000
01:29:32.238,000a04185a5a5a5a
01:29:32.423,55aa1928000000000000001ef5d7000100090018
01:29:32.425,5a5a5a5a55aa002260b7440002d0002100000000
01:29:32.436,000a04185a5a5a5a
01:29:32.633,55aa1928000000000000ffa6f5d8000100090018
01:29:32.637,5a5a5a5a55aa002260b7440002d0002100000000
01:29:32.645,000a04185a5a5a5a
01:29:32.828,55aa1928000000000000ffc4f5dd000100090018
01:29:32.841,5a5a5a5a55aa002260b7440002d0002100000000
01:29:32.847,000a04185a5a5a5a
01:29:33.038,55aa1928000000000000ffbaf5dc000100090018
01:29:33.040,5a5a5a5a55aa002260b7440002cf002100000000
01:29:33.050,000a04185a5a5a5a
01:29:33.248,55aa1928000000000000ffb0f5e3000100090018
01:29:33.250,5a5a5a5a55aa002260b7440002cf002100000000
01:29:33.257,000a04185a5a5a5a
01:29:33.458,55aa19280000000000000064f5e4000100090018
01:29:33.460,5a5a5a5a55aa002260b7440002d0002100000000
01:29:33.466,000a04185a5a5a5a
01:29:33.651,55aa1928000000000000ffecf5e4000100090018
01:29:33.653,5a5a5a5a55aa002260b7440002d0002100000000
01:29:33.666,000a04185a5a5a5a
01:29:33.848,55aa1928000000000000fff6f5e5000100090018
01:29:33.862,5a5a5a5a55aa002260b7440002d0002100000000
01:29:33.869,000a04185a5a5a5a
01:29:34.056,55aa1928000000000000ffd8f5e5000100090018
01:29:34.058,5a5a5a5a55aa002260b7440002cf002100000000
01:29:34.071,000a04185a5a5a5a
01:29:34.268,55aa1928000000000000ffd8f5e5000100090018
01:29:34.271,5a5a5a5a55aa002260b7440002cf002100000000
01:29:34.397,000a04185a5a5a5a
01:29:34.463,55aa1928000000000000ffc4f5eb000100090018
01:29:34.464,5a5a5a5a55aa002260b7440002cf002100000000
01:29:34.477,000a04185a5a5a5a
01:29:34.673,55aa1928000000000000ffcef5ee000100090018
01:29:34.675,5a5a5a5a55aa002260b7440002cf002100000000
01:29:34.689,000a04185a5a5a5a
01:29:34.883,55aa1928000000000000ffbaf5f0000100090018
01:29:34.885,5a5a5a5a55aa002260b7440002cf002100000000
01:29:34.889,000a04185a5a5a5a
01:29:35.093,55aa1928000000000000ffbaf5f3000100090018
01:29:35.095,5a5a5a5a55aa002260b7440002ce002100000000
01:29:35.109,000a04185a5a5a5a
01:29:35.288,55aa1928000000000000ffc4f5f5000100090018
01:29:35.291,5a5a5a5a55aa002260b7440002ce002100000000
01:29:35.296,000a04185a5a5a5a
01:29:35.484,55aa1928000000000000ffa6f5f8000100090018
01:29:35.486,5a5a5a5a55aa002260b7440002d0002100000000
01:29:35.497,000a04185a5a5a5a
01:29:35.694,55aa1928000000000000ffc4f5fd000100090018
01:29:35.697,5a5a5a5a55aa002260b7440002d0002100000000
01:29:35.704,000a04185a5a5a5a
01:29:35.891,55aa1920000000000000ffbaf5fe000100090018
01:29:35.903,5a5a5a5a55aa002260b7440002d0002100000000
01:29:35.911,000a04185a5a5a5a
01:29:36.098,55aa1920000000000000ffbaf5fe000100090018
01:29:36.102,5a5a5a5a55aa002260b7440002cf002100000000
01:29:36.128,000a04185a5a5a5a
01:29:36.294,55aa1920000000000000ffbaf5fd000100090018
01:29:36.306,5a5a5a5a55aa002260b7440002cf002100000000
01:29:36.312,000a04185a5a5a5a
01:29:36.504,55aa1920000000000000ffa6f5fa000100090018
01:29:36.507,5a5a5a5a55aa002260b7440002cf002100000000
01:29:36.516,000a04185a5a5a5a
01:29:36.730,55aa1928000000000000ffb0f5fc000100090018
01:29:36.732,5a5a5a5a55aa002260b7440002cf002100000000
01:29:36.738,000a04185a5a5a5a
01:29:36.909,55aa1920000000000000ffb0f5fe000100090018
01:29:36.912,5a5a5a5a55aa002260b7440002cf002100000000
01:29:36.921,000a04185a5a5a5a
01:29:37.119,55aa1920000000000000ffbaf5ff000100090018
01:29:37.122,5a5a5a5a55aa002260b7440002ce002100000000
01:29:37.149,000a04185a5a5a5a
01:29:37.313,55aa1928000000000000ffb0f606000100090018
01:29:37.327,5a5a5a5a55aa002260b7440002ce002100000000
01:29:37.334,000a04185a5a5a5a
01:29:37.523,55aa1928000000000000ffb0f607000100090018
01:29:37.526,5a5a5a5a55aa002260b7440002ce002100000000
01:29:37.539,000a04185a5a5a5a
01:29:37.735,55aa1928000000000000ffbaf607000100090018
01:29:37.737,5a5a5a5a55aa002260b7440002ce002100000000
01:29:37.743,000a04185a5a5a5a
01:29:37.960,55aa1928000000000000ffbaf60a000100090018
01:29:37.974,5a5a5a5a55aa002260b7440002ce002100000000
01:29:37.980,000a04185a5a5a5a
01:29:38.138,55aa1928000000000000ffb0f609000100090018
01:29:38.142,5a5a5a5a55aa002260b7440002cd002100000000
01:29:38.152,000a04185a5a5a5a
01:29:38.334,55aa1928000000000000ffbaf60a000100090018
01:29:38.350,5a5a5a5a55aa002260b7440002cd002100000000
01:29:38.361,000a04185a5a5a5a
01:29:38.545,55aa1920000000000000ffa6f60d000100090018
01:29:38.547,5a5a5a5a55aa002260b7440002cd002100000000
01:29:38.557,000a04185a5a5a5a
01:29:38.755,55aa1928000000000000ffa6f60c000100090018
01:29:38.758,5a5a5a5a55aa002260b7440002cd002100000000
01:29:38.764,000a04185a5a5a5a
01:29:38.950,55aa1920000000000000ff9cf60e000100090018
01:29:38.953,5a5a5a5a55aa002260b7440002cd002100000000
01:29:38.962,000a04185a5a5a5a
01:29:39.160,55aa1920000000000000ffcef614000100090018
01:29:39.162,5a5a5a5a55aa002260b7440002cc002100000000
01:29:39.173,000a04185a5a5a5a
01:29:39.355,55aa1920000000000000ff92f619000100090018
01:29:39.370,5a5a5a5a55aa002260b7440002cc002100000000
01:29:39.378,000a04185a5a5a5a
01:29:39.565,55aa1928000000000000ffa6f61d000100090018
01:29:39.567,5a5a5a5a55aa002260b7440002cc002100000000
01:29:39.578,000a04185a5a5a5a
01:29:39.776,55aa1928000000000000ffb0f621000100090018
01:29:39.778,5a5a5a5a55aa002260b7440002cc002100000000
01:29:39.785,000a04185a5a5a5a
01:29:39.986,55aa1928000000000000ffa6f61d000100090018
01:29:39.997,5a5a5a5a55aa002260b7440002cc002100000000
01:29:40.003,000a04185a5a5a5a
01:29:40.181,55aa1928000000000000ffa6f622000100090018
01:29:40.183,5a5a5a5a55aa002260b7440002cb002100000000
01:29:40.194,000a04185a5a5a5a
01:29:40.374,55aa1928000000000000ffbaf620000100090018
01:29:40.390,5a5a5a5a55aa002260b7440002d0002100000000
01:29:40.397,000a04185a5a5a5a
01:29:40.601,55aa1928000000000000ffbaf622000100090018
01:29:40.603,5a5a5a5a55aa002260b7440002d0002100000000
01:29:40.610,000a04185a5a5a5a
01:29:40.796,55aa1928000000000000ffa6f62b000100090018
01:29:40.798,5a5a5a5a55aa002260b7440002d0002100000000
01:29:40.805,000a04185a5a5a5a
01:29:40.991,55aa1928000000000000ff9cf62e000100090018
01:29:40.993,5a5a5a5a55aa002260b7440002d0002100000000
01:29:41.005,000a04185a5a5a5a
01:29:41.200,55aa1928000000000000ff9cf62e000100090018
01:29:41.203,5a5a5a5a55aa002260b7440002cf002100000000
01:29:41.213,000a04185a5a5a5a
01:29:41.396,55aa1928000000000000ffb0f62d000100090018
01:29:41.411,5a5a5a5a55aa002260b7440002cf002100000000
01:29:41.417,000a04185a5a5a5a
01:29:41.605,55aa1928000000000000ffbaf62f000100090018
01:29:41.608,5a5a5a5a55aa002260b7440002cf002100000000
01:29:41.619,000a04185a5a5a5a
01:29:41.831,55aa1928000000000000ffb0f635000100090018
01:29:41.833,5a5a5a5a55aa002260b7440002cf002100000000
01:29:41.844,000a04185a5a5a5a
01:29:42.011,55aa1920000000000000ff9cf63a000100090018
01:29:42.026,5a5a5a5a55aa002260b7440002cf002100000000
01:29:42.033,000a04185a5a5a5a
01:29:42.221,55aa1928000000000000ffa6f63a000100090018
01:29:42.223,5a5a5a5a55aa002260b7440002ce002100000000
01:29:42.234,000a04185a5a5a5a
01:29:42.416,55aa1928000000000000ffb0f63d000100090018
01:29:42.431,5a5a5a5a55aa002260b7440002ce002100000000
01:29:42.438,000a04185a5a5a5a
01:29:42.625,55aa1928000000000000ff9cf63b000100090018
01:29:42.627,5a5a5a5a55aa002260b7440002ce002100000000
01:29:42.641,000a04185a5a5a5a
01:29:42.835,55aa1928000000000000ff9cf63d000100090018
01:29:42.838,5a5a5a5a55aa002260b7440002ce002100000000
01:29:42.843,000a04185a5a5a5a
01:29:43.032,55aa1928000000000000ffbaf642000100090018
01:29:43.036,5a5a5a5a55aa002260b7440002ce002100000000
01:29:43.044,000a04185a5a5a5a
01:29:43.241,55aa1928000000000000ffb0f641000100090018
01:29:43.244,5a5a5a5a55aa002260b7440002cd002100000000
01:29:43.256,000a04185a5a5a5a
01:29:43.451,55aa1928000000000000ffb0f641000100090018
01:29:43.453,5a5a5a5a55aa002260b7440002cd002100000000
01:29:43.458,000a04185a5a5a5a
01:29:43.647,55aa1928000000000000ffbaf646000100090018
01:29:43.660,5a5a5a5a55aa002260b7440002cd002100000000
01:29:43.666,000a04185a5a5a5a
01:29:43.843,55aa1928000000000000ffb0f64b000100090018
01:29:43.856,5a5a5a5a55aa002260b7440002cd002100000000
01:29:43.863,000a04185a5a5a5a
01:29:44.067,55aa1928000000000000ffbaf64b000100090018
01:29:44.070,5a5a5a5a55aa002260b7440002cd002100000000
01:29:44.075,000a04185a5a5a5a
01:29:44.262,55aa1928000000000000ffe2f64d000100090018
01:29:44.264,5a5a5a5a55aa002260b7440002cc002100000000
01:29:44.270,000a04185a5a5a5a
01:29:44.457,55aa1920001b00000000005af649000100090018
01:29:44.470,5a5a5a5a55aa002260b7440002d0002100000000
01:29:44.476,000a04185a5a5a5a
01:29:44.667,55aa1928000000000000ffc4f651000100090018
01:29:44.670,5a5a5a5a55aa002260b7440002d0002100000000
01:29:44.679,000a04185a5a5a5a
01:29:44.862,55aa19280000000000000032f652000100090018
01:29:44.875,5a5a5a5a55aa002260b7440002d0002100000000
01:29:44.885,000a04185a5a5a5a
01:29:45.072,55aa1928001400000000003cf654000100090018
01:29:45.075,5a5a5a5a55aa002260b7440002d0002100000000
01:29:45.089,000a04185a5a5a5a
01:29:45.280,55aa19280000000000000028f656000100090018
01:29:45.283,5a5a5a5a55aa002260b7440002d0002100000000
01:29:45.289,000a04185a5a5a5a
01:29:45.476,55aa1920001000000000001ef659000100090018
01:29:45.479,5a5a5a5a55aa002260b7440002d0002100000000
01:29:45.489,000a04185a5a5a5a
01:29:45.687,55aa1920000000000001003cf661000100090018
01:29:45.690,5a5a5a5a55aa002260b8440002d0002100000000
01:29:45.699,000a04185a5a5a5a
01:29:45.882,55aa1920000d000000010050f65e000100090018
01:29:45.898,5a5a5a5a55aa002260b8440002d0002100000000
01:29:45.919,000a04185a5a5a5a
01:29:46.090,55aa19200000000000010028f661000100090018
01:29:46.092,5a5a5a5a55aa002260b8440002d0002100000000
01:29:46.105,000a04185a5a5a5a
01:29:46.302,55aa1920001c00000001001ef669000100090018
01:29:46.305,5a5a5a5a55aa002260b8440002d0002100000000
01:29:46.310,000a04185a5a5a5a
01:29:46.526,55aa19200000000000010046f666000100090018
01:29:46.530,5a5a5a5a55aa002260b8440002d0002100000000
01:29:46.542,000a04185a5a5a5a
01:29:46.707,55aa19200000000000010050f669000100090018
01:29:46.710,5a5a5a5a55aa002260b8440002d0002100000000
01:29:46.721,000a04185a5a5a5a
01:29:46.903,55aa1920000700000001003cf66b000100090018
01:29:46.916,5a5a5a5a55aa002260b8440002d0002100000000
01:29:46.923,000a04185a5a5a5a
01:29:47.113,55aa1920000000000001000af668000100090018
01:29:47.115,5a5a5a5a55aa002260b8440002d0002100000000
01:29:47.125,000a04185a5a5a5a
01:29:47.322,55aa19200014000000010050f669000100090018
01:29:47.338,5a5a5a5a55aa002260b8440002d0002100000000
01:29:47.345,000a04185a5a5a5a
01:29:47.517,55aa19200004000000010050f670000100090018
01:29:47.520,5a5a5a5a55aa002260b8440002d0002100000000
01:29:47.530,000a04185a5a5a5a
01:29:47.743,55aa19200000000000010050f674000100090018
01:29:47.746,5a5a5a5a55aa002260b8440002d0002100000000
01:29:47.753,000a04185a5a5a5a
01:29:47.923,55aa1920000000000001001ef677000100090018
01:29:47.937,5a5a5a5a55aa002260b8440002d0002100000000
01:29:47.944,000a04185a5a5a5a
01:29:48.132,55aa1920000300000001001ef675000100090018
01:29:48.134,5a5a5a5a55aa002260b8440002d0002100000000
01:29:48.146,000a04185a5a5a5a
01:29:48.343,55aa1920000000000001003cf674000100090018
01:29:48.346,5a5a5a5a55aa002260b8440002d0002100000000
01:29:48.352,000a04185a5a5a5a
01:29:48.539,55aa1920000c000000010032f67b000100090018
01:29:48.542,5a5a5a5a55aa002260b8440002d0002100000000
01:29:48.550,000a04185a5a5a5a
01:29:48.748,55aa19200000000000010028f67d000100090018
01:29:48.751,5a5a5a5a55aa002260b8440002d0002100000000
01:29:48.761,000a04185a5a5a5a
01:29:48.944,55aa1920000000000001000af67f000100090018
01:29:48.956,5a5a5a5a55aa002260b8440002d0002100000000
01:29:48.963,000a04185a5a5a5a
01:29:49.153,55aa19200001000000010050f680000100090018
01:29:49.156,5a5a5a5a55aa002260b8440002d0002100000000
01:29:49.182,000a04185a5a5a5a
01:29:49.364,55aa19200000000000010046f680000100090018
01:29:49.366,5a5a5a5a55aa002260b8440002d0002100000000
01:29:49.372,000a04185a5a5a5a
01:29:49.558,55aa1920000a000000010046f683000100090018
01:29:49.561,5a5a5a5a55aa002260b8440002d0002100000000
01:29:49.571,000a04185a5a5a5a
01:29:49.768,55aa1920000900000001001ef688000100090018
01:29:49.772,5a5a5a5a55aa002260b8440002d0002100000000
01:29:49.781,000a04185a5a5a5a
01:29:49.964,55aa19200008000000010032f689000100090018
01:29:49.979,5a5a5a5a55aa002260b8440002d0002100000000
01:29:49.986,000a04185a5a5a5a
01:29:50.173,55aa19200008000000010050f685000100090018
01:29:50.175,5a5a5a5a55aa002260b8440002d0002100000000
01:29:50.187,000a04185a5a5a5a
01:29:50.384,55aa1920000200000001001ef68c000100090018
01:29:50.388,5a5a5a5a55aa002260b8440002d0002100000000
01:29:50.394,000a04185a5a5a5a
01:29:50.594,55aa1920000000000001001ef68b000100090018
01:29:50.598,5a5a5a5a55aa002260b8440002d0002100000000
01:29:50.604,000a04185a5a5a5a
01:29:50.789,55aa1920000f00000001003cf68e000100090018
01:29:50.791,5a5a5a5a55aa002260b8440002d0002100000000
01:29:50.801,000a04185a5a5a5a
01:29:50.984,55aa19200001000000010028f692000100090018
01:29:50.998,5a5a5a5a55aa002260b8440002d0002100000000
01:29:51.006,000a04185a5a5a5a
01:29:51.194,55aa19200004000000010046f690000100090018
01:29:51.198,5a5a5a5a55aa002260b8440002d0002100000000
01:29:51.206,000a04185a5a5a5a
01:29:51.404,55aa1920000000000001000af694000100090018
01:29:51.406,5a5a5a5a55aa002260b8440002d0002100000000
01:29:51.410,000a04185a5a5a5a
01:29:51.599,55aa1920000300000001003cf696000100090018
01:29:51.601,5a5a5a5a55aa002260b8440002d0002100000000
01:29:51.612,000a04185a5a5a5a
01:29:51.807,55aa19200000000000010050f697000100090018
01:29:51.810,5a5a5a5a55aa002260b8440002d0002100000000
01:29:51.822,000a04185a5a5a5a
01:29:52.005,55aa19200002000000010032f698000100090018
01:29:52.019,5a5a5a5a55aa002260b8440002d0002100000000
01:29:52.032,000a04185a5a5a5a
01:29:52.212,55aa1920000000000001000af69b000100090018
01:29:52.215,5a5a5a5a55aa002260b8440002d0002100000000
01:29:52.245,000a04185a5a5a5a
01:29:52.424,55aa1920000100000001003cf69e000100090018
01:29:52.427,5a5a5a5a55aa002260b8440002d0002100000000
01:29:52.436,000a04185a5a5a5a
01:29:52.619,55aa1920000f000000010046f6a3000100090018
01:29:52.621,5a5a5a5a55aa002260b8440002d0002100000000
01:29:52.638,000a04185a5a5a5a
01:29:52.829,55aa1920001700000001001ef6a2000100090018
01:29:52.831,5a5a5a5a55aa002260b8440002d0002100000000
01:29:52.842,000a04185a5a5a5a
01:29:53.025,55aa1920000000000001000af6a0000100090018
01:29:53.039,5a5a5a5a55aa002260b8440002d0002100000000
01:29:53.046,000a04185a5a5a5a
01:29:53.235,55aa1920000900000001003cf6a2000100090018
01:29:53.237,5a5a5a5a55aa002260b8440002d0002100000000
01:29:53.248,000a04185a5a5a5a
01:29:53.444,55aa1920000400000001001ef69f000100090018
01:29:53.447,5a5a5a5a55aa002260b8440002d0002100000000
01:29:53.453,000a04185a5a5a5a
01:29:53.639,55aa19200002000000010000f6a1000100090018
01:29:53.641,5a5a5a5a55aa002260b8440002d0002100000000
01:29:53.654,000a04185a5a5a5a
01:29:53.847,55aa19200014000000010032f6a7000100090018
01:29:53.850,5a5a5a5a55aa002260b8440002d0002100000000
01:29:53.880,000a04185a5a5a5a
01:29:54.045,55aa19200000000000010046f6a7000100090018
01:29:54.060,5a5a5a5a55aa002260b8440002d0002100000000
01:29:54.066,000a04185a5a5a5a
01:29:54.255,55aa19200001000000010028f6ae000100090018
01:29:54.257,5a5a5a5a55aa002260b8440002d0002100000000
01:29:54.267,000a04185a5a5a5a
01:29:54.450,55aa1920001700000001001ef6b0000100090018
01:29:54.465,5a5a5a5a55aa002260b8440002d0002100000000
01:29:54.472,000a04185a5a5a5a
01:29:54.660,55aa19200000000000010032f6b3000100090018
01:29:54.663,5a5a5a5a55aa002260b8440002d0002100000000
01:29:54.674,000a04185a5a5a5a
01:29:54.870,55aa1920000300000001003cf6b0000100090018
01:29:54.873,5a5a5a5a55aa002260b8440002d0002100000000
01:29:54.879,000a04185a5a5a5a
01:29:55.079,55aa19200000000000010014f6b3000100090018
01:29:55.081,5a5a5a5a55aa002260b8440002d0002100000000
01:29:55.087,000a04185a5a5a5a
01:29:55.275,55aa1920000000000001001ef6b8000100090018
01:29:55.277,5a5a5a5a55aa002260b8440002d0002100000000
01:29:55.288,000a04185a5a5a5a
01:29:55.470,55aa19200014000000010050f6b8000100090018
01:29:55.486,5a5a5a5a55aa002260b8440002d0002100000000
01:29:55.492,000a04185a5a5a5a
01:29:55.679,55aa19200000000000010046f6bd000100090018
01:29:55.682,5a5a5a5a55aa002260b8440002d0002100000000
01:29:55.693,000a04185a5a5a5a
01:29:55.890,55aa19200005000000010014f6bd000100090018
01:29:55.893,5a5a5a5a55aa002260b8440002d0002100000000
01:29:55.898,000a04185a5a5a5a
01:29:56.086,55aa19200014000000010046f6bf000100090018
01:29:56.088,5a5a5a5a55aa002260b8440002d0002100000000
01:29:56.099,000a04185a5a5a5a
01:29:56.311,55aa1920000000000001ffecf6c1000100090018
01:29:56.314,5a5a5a5a55aa002260b8440002cf002100000000
01:29:56.320,000a04185a5a5a5a
01:29:56.491,55aa1920fffc00000001ffd8f6bf000100090018
01:29:56.505,5a5a5a5a55aa002260b8440002d0002100000000
01:29:56.512,000a04185a5a5a5a
01:29:56.715,55aa1920fffd00000001005af6c2000100090018
01:29:56.719,5a5a5a5a55aa002260b8440002d0002100000000
01:29:56.726,000a04185a5a5a5a
01:29:56.910,55aa1920000400000001001ef6c4000100090018
01:29:56.914,5a5a5a5a55aa002260b8440002d0002100000000
01:29:56.923,000a04185a5a5a5a
01:29:57.105,55aa19200000000000010046f6c6000100090018
01:29:57.107,5a5a5a5a55aa002260b8440002d0002100000000
01:29:57.135,000a04185a5a5a5a
01:29:57.315,55aa19200007000000010046f6c8000100090018
01:29:57.318,5a5a5a5a55aa002260b8440002cf002100000000
01:29:57.328,000a04185a5a5a5a
01:29:57.510,55aa1920000f00000001001ef6cc000100090018
01:29:57.527,5a5a5a5a55aa002260b8440002d0002100000000
01:29:57.534,000a04185a5a5a5a
01:29:57.721,55aa19200000000000010014f6cd000100090018
01:29:57.723,5a5a5a5a55aa002260b8440002d0002100000000
01:29:57.734,000a04185a5a5a5a
01:29:57.929,55aa19200017000000010032f6d0000100090018
01:29:57.931,5a5a5a5a55aa002260b8440002d0002100000000
01:29:57.937,000a04185a5a5a5a
01:29:58.125,55aa19200019000000010032f6d3000100090018
01:29:58.127,5a5a5a5a55aa002260b8440002d0002100000000
01:29:58.139,000a04185a5a5a5a
01:29:58.336,55aa1920000a00000001fff6f6d4000100090018
01:29:58.339,5a5a5a5a55aa002260b8440002cf002100000000
01:29:58.350,000a04185a5a5a5a
01:29:58.530,55aa19200009000000010032f6d4000100090018
01:29:58.561,5a5a5a5a55aa002260b8440002d0002100000000
01:29:58.570,000a04185a5a5a5a
01:29:58.741,55aa1920000000000001003cf6d8000100090018
01:29:58.743,5a5a5a5a55aa002260b8440002d0002100000000
01:29:58.754,000a04185a5a5a5a
01:29:58.952,55aa1920000700000001001ef6db000100090018
01:29:58.954,5a5a5a5a55aa002260b8440002d0002100000000
01:29:58.960,000a04185a5a5a5a
01:29:59.146,55aa1920fffa00000001fff6f6de000100090018
01:29:59.148,5a5a5a5a55aa002260b8440002d0002100000000
01:29:59.160,000a04185a5a5a5a
01:29:59.356,55aa19200000000000010032f6dc000100090018
01:29:59.359,5a5a5a5a55aa002260b8440002cf002100000000
01:29:59.369,000a04185a5a5a5a
01:29:59.552,55aa19200000000000010028f6e0000100090018
01:29:59.566,5a5a5a5a55aa002260b8440002d0002100000000
01:29:59.573,000a04185a5a5a5a
01:29:59.761,55aa19200004000000010032f6e5000100090018
01:29:59.765,5a5a5a5a55aa002260b8440002d0002100000000
01:29:59.776,000a04185a5a5a5a
01:29:59.972,55aa19200000000000010032f6e7000100090018
01:29:59.974,5a5a5a5a55aa002260b8440002d0002100000000
01:29:59.979,000a04185a5a5a5a
01:30:00.182,55aa19200009000000020046f6ea000100090018
01:30:00.184,5a5a5a5a55aa002260b9440002d0002100000000
01:30:00.189,000a04185a5a5a5a
01:30:00.377,55aa19200000000000020032f6ed000100090018
01:30:00.380,5a5a5a5a55aa002260b9440002cf002100000000
01:30:00.387,000a04185a5a5a5a
01:30:00.572,55aa19200007000000020000f6eb000100090018
01:30:00.587,5a5a5a5a55aa002260b9440002d0002100000000
01:30:00.604,000a04185a5a5a5a
01:30:00.782,55aa1920000000000002005af6e8000100090018
01:30:00.784,5a5a5a5a55aa002260b9440002d0002100000000
01:30:00.811,000a04185a5a5a5a
01:30:00.976,55aa1920000600000002003cf6eb000100090018
01:30:00.992,5a5a5a5a55aa002260b9440002d0002100000000
01:30:00.999,000a04185a5a5a5a
01:30:01.187,55aa1920001400000002001ef6ef000100090018
01:30:01.194,5a5a5a5a55aa002260b9440002d0002100000000
01:30:01.200,000a04185a5a5a5a
01:30:01.400,55aa1920000000000002001ef6ef000100090018
01:30:01.409,5a5a5a5a55aa002260b9440002cf002100000000
01:30:01.426,000a04185a5a5a5a
01:30:01.592,55aa1920000c000000020046f6f4000100090018
01:30:01.604,5a5a5a5a55aa002260b9440002d0002100000000
01:30:01.609,000a04185a5a5a5a
01:30:01.803,55aa1920000000000002000af6fa000100090018
01:30:01.804,5a5a5a5a55aa002260b9440002d0002100000000
01:30:01.816,000a04185a5a5a5a
01:30:01.996,55aa1920fff700000002ffe2f6fa000100090018
01:30:02.012,5a5a5a5a55aa002260b9440002d0002100000000
01:30:02.018,000a04185a5a5a5a
01:30:02.205,55aa1920fffc00000002ffd8f6ff000100090018
01:30:02.207,5a5a5a5a55aa002260b9440002d0002100000000
01:30:02.221,000a04185a5a5a5a
01:30:02.417,55aa1920000000000002ffbaf703000100090018
01:30:02.420,5a5a5a5a55aa002260b9440002d0002100000000
01:30:02.430,000a04185a5a5a5a
01:30:02.613,55aa1920001200000002001ef702000100090018
01:30:02.615,5a5a5a5a55aa002260b9440002d0002100000000
01:30:02.626,000a04185a5a5a5a
01:30:02.836,55aa19200000000000020028f6fc000100090018
01:30:02.839,5a5a5a5a55aa002260b9440002d0002100000000
01:30:02.844,000a04185a5a5a5a
01:30:03.018,55aa19200000000000020046f701000100090018
01:30:03.034,5a5a5a5a55aa002260b9440002d0002100000000
01:30:03.041,000a04185a5a5a5a
01:30:03.226,55aa1920000d00000002001ef703000100090018
01:30:03.228,5a5a5a5a55aa002260b9440002d0002100000000
01:30:03.240,000a04185a5a5a5a
01:30:03.438,55aa19200000000000020046f708000100090018
01:30:03.440,5a5a5a5a55aa002260b9440002d0002100000000
01:30:03.447,000a04185a5a5a5a
01:30:03.633,55aa19200000000000020046f707000100090018
01:30:03.635,5a5a5a5a55aa002260b9440002d0002100000000
01:30:03.646,000a04185a5a5a5a
01:30:03.843,55aa19200008000000020014f709000100090018
01:30:03.846,5a5a5a5a55aa002260b9440002d0002100000000
01:30:03.855,000a04185a5a5a5a
01:30:04.038,55aa19200017000000020032f710000100090018
01:30:04.053,5a5a5a5a55aa002260b9440002d0002100000000
01:30:04.059,000a04185a5a5a5a
01:30:04.248,55aa1920000000000002ffc4f70e000100090018
01:30:04.250,5a5a5a5a55aa002260b9440002d0002100000000
01:30:04.261,000a04185a5a5a5a
01:30:04.457,55aa1920ffff000000020000f70f000100090018
01:30:04.459,5a5a5a5a55aa002260b9440002cf002100000000
01:30:04.465,000a04185a5a5a5a
01:30:04.653,55aa1920000f000000020014f715000100090018
01:30:04.655,5a5a5a5a55aa002260b9440002d0002100000000
01:30:04.667,000a04185a5a5a5a
01:30:04.863,55aa1920000d00000002001ef71e000100090018
01:30:04.866,5a5a5a5a55aa002260b9440002d0002100000000
01:30:04.880,000a04185a5a5a5a
01:30:05.058,55aa1920fff500000002ffcef71b000100090018
01:30:05.071,5a5a5a5a55aa002260b9440002d0002100000000
01:30:05.079,000a04185a5a5a5a
01:30:05.269,55aa1920001b000000020028f71a000100090018
01:30:05.271,5a5a5a5a55aa002260b9440002d0002100000000
01:30:05.281,000a04185a5a5a5a
01:30:05.479,55aa19200000000000020046f71e000100090018
01:30:05.482,5a5a5a5a55aa002260b9440002cf002100000000
01:30:05.490,000a04185a5a5a5a
01:30:05.673,55aa1920000800000002003cf71f000100090018
01:30:05.676,5a5a5a5a55aa002260b9440002d0002100000000
01:30:05.689,000a04185a5a5a5a
01:30:05.883,55aa1920000c000000020000f723000100090018
01:30:05.886,5a5a5a5a55aa002260b9440002d0002100000000
01:30:05.897,000a04185a5a5a5a
01:30:06.079,55aa1920000000000002003cf720000100090018
01:30:06.094,5a5a5a5a55aa002260b9440002d0002100000000
01:30:06.100,000a04185a5a5a5a
01:30:06.289,55aa19200010000000020050f723000100090018
01:30:06.291,5a5a5a5a55aa002260b9440002d0002100000000
01:30:06.301,000a04185a5a5a5a
01:30:06.499,55aa19200000000000020046f72b000100090018
01:30:06.502,5a5a5a5a55aa002260b9440002cf002100000000
01:30:06.508,000a04185a5a5a5a
01:30:06.694,55aa1920000100000002000af72d000100090018
01:30:06.697,5a5a5a5a55aa002260b9440002d0002100000000
01:30:06.706,000a04185a5a5a5a
01:30:06.904,55aa19200003000000020028f726000100090018
01:30:06.906,5a5a5a5a55aa002260b9440002d0002100000000
01:30:06.917,000a04185a5a5a5a
01:30:07.099,55aa1920fff700000002fff6f72a000100090018
01:30:07.114,5a5a5a5a55aa002260b9440002d0002100000000
01:30:07.120,000a04185a5a5a5a
01:30:07.309,55aa1920ffe700000002ffbaf72e000100090018
01:30:07.312,5a5a5a5a55aa002260b9440002d0002100000000
01:30:07.322,000a04185a5a5a5a
01:30:07.519,55aa1920000000000002ffc4f734000100090018
01:30:07.522,5a5a5a5a55aa002260b9440002cf002100000000
01:30:07.529,000a04185a5a5a5a
01:30:07.714,55aa1920fffe000000020050f735000100090018
01:30:07.717,5a5a5a5a55aa002260b9440002d0002100000000
01:30:07.726,000a04185a5a5a5a
01:30:07.923,55aa19200000000000020032f734000100090018
01:30:07.925,5a5a5a5a55aa002260b9440002d0002100000000
01:30:07.938,000a04185a5a5a5a
01:30:08.120,55aa1920000000000002ffbaf733000100090018
01:30:08.135,5a5a5a5a55aa002260b9440002d0002100000000
01:30:08.141,000a04185a5a5a5a
01:30:08.330,55aa1920000000000002ffcef735000100090018
01:30:08.332,5a5a5a5a55aa002260b9440002d0002100000000
01:30:08.343,000a04185a5a5a5a
01:30:08.540,55aa19200000000000020046f739000100090018
01:30:08.542,5a5a5a5a55aa002260b9440002cf002100000000
01:30:08.548,000a04185a5a5a5a
01:30:08.734,55aa1920000000000002001ef73d000100090018
01:30:08.737,5a5a5a5a55aa002260b9440002d0002100000000
01:30:08.747,000a04185a5a5a5a
01:30:08.944,55aa1920000000000002001ef73c000100090018
01:30:08.947,5a5a5a5a55aa002260b9440002d0002100000000
01:30:08.957,000a04185a5a5a5a
01:30:09.138,55aa19200000000000020046f744000100090018
01:30:09.155,5a5a5a5a55aa002260b9440002d0002100000000
01:30:09.162,000a04185a5a5a5a
01:30:09.350,55aa19200000000000020046f745000100090018
01:30:09.352,5a5a5a5a55aa002260b9440002d0002100000000
01:30:09.363,000a04185a5a5a5a
01:30:09.560,55aa1920000000000002005af748000100090018
01:30:09.563,5a5a5a5a55aa002260b9440002cf002100000000
01:30:09.569,000a04185a5a5a5a
01:30:09.755,55aa19200000000000020046f748000100090018
01:30:09.757,5a5a5a5a55aa002260b9440002cf002100000000
01:30:09.768,000a04185a5a5a5a
01:30:09.965,55aa19200000000000020050f743000100090018
01:30:09.967,5a5a5a5a55aa002260b9440002cf002100000000
01:30:09.978,000a04185a5a5a5a
01:30:10.160,55aa19200000000000020046f749000100090018
01:30:10.173,5a5a5a5a55aa002260b9440002cf002100000000
01:30:10.180,000a04185a5a5a5a
01:30:10.370,55aa19200000000000020046f74b000100090018
01:30:10.372,5a5a5a5a55aa002260b9440002cf002100000000
01:30:10.383,000a04185a5a5a5a
01:30:10.564,55aa19200000000000020046f74e000100090018
01:30:10.579,5a5a5a5a55aa002260b9440002ce002100000000
01:30:10.586,000a04185a5a5a5a
01:30:10.775,55aa19200000000000020046f751000100090018
01:30:10.778,5a5a5a5a55aa002260b9440002ce002100000000
01:30:10.789,000a04185a5a5a5a
01:30:10.984,55aa19200000000000020050f74e000100090018
01:30:10.987,5a5a5a5a55aa002260b9440002ce002100000000
01:30:11.000,000a04185a5a5a5a
01:30:11.180,55aa19200000000000020050f755000100090018
01:30:11.182,5a5a5a5a55aa002260b9440002ce002100000000
01:30:11.195,000a04185a5a5a5a
01:30:11.391,55aa19200000000000020050f758000100090018
01:30:11.393,5a5a5a5a55aa002260b9440002ce002100000000
01:30:11.403,000a04185a5a5a5a
01:30:11.586,55aa19200000000000020050f759000100090018
01:30:11.601,5a5a5a5a55aa002260b9440002cd002100000000
01:30:11.607,000a04185a5a5a5a
01:30:11.796,55aa19200000000000020046f75b000100090018
01:30:11.798,5a5a5a5a55aa002260b9440002cd002100000000
01:30:11.811,000a04185a5a5a5a
01:30:12.005,55aa19200000000000020046f75e000100090018
01:30:12.007,5a5a5a5a55aa002260b9440002cd002100000000
01:30:12.013,000a04185a5a5a5a
01:30:12.201,55aa19200000000000020046f75f000100090018
01:30:12.204,5a5a5a5a55aa002260b9440002cd002100000000
01:30:12.214,000a04185a5a5a5a
01:30:12.411,55aa19200000000000020050f761000100090018
01:30:12.413,5a5a5a5a55aa002260b9440002cd002100000000
01:30:12.424,000a04185a5a5a5a
01:30:12.606,55aa1920000000000002003cf765000100090018
01:30:12.621,5a5a5a5a55aa002260b9440002cc002100000000
01:30:12.627,000a04185a5a5a5a
01:30:12.816,55aa19200000000000020046f768000100090018
01:30:12.821,5a5a5a5a55aa002260b9440002cc002100000000
01:30:12.828,000a04185a5a5a5a
01:30:13.025,55aa1920000000000002003cf768000100090018
01:30:13.027,5a5a5a5a55aa002260b9440002cc002100000000
01:30:13.033,000a04185a5a5a5a
01:30:13.221,55aa19200000000000020032f767000100090018
01:30:13.237,5a5a5a5a55aa002260b9440002cc002100000000
01:30:13.243,000a04185a5a5a5a
01:30:13.430,55aa1920000e000000020046f766000100090018
01:30:13.433,5a5a5a5a55aa002260b9440002d0002100000000
01:30:13.445,000a04185a5a5a5a
01:30:13.626,55aa19200000000000020028f766000100090018
01:30:13.642,5a5a5a5a55aa002260b9440002d0002100000000
01:30:13.648,000a04185a5a5a5a
01:30:13.837,55aa1920000d00000002006ef76a000100090018
01:30:13.840,5a5a5a5a55aa002260b9440002d0002100000000
01:30:13.849,000a04185a5a5a5a
01:30:14.042,55aa1920000700000003003cf76e000100090018
01:30:14.045,5a5a5a5a55aa002260ba440002d0002100000000
01:30:14.049,000a04185a5a5a5a
01:30:14.238,55aa19200000000000030028f772000100090018
01:30:14.253,5a5a5a5a55aa002260ba440002d0002100000000
01:30:14.258,000a04185a5a5a5a
01:30:14.448,55aa19200000000000030032f775000100090018
01:30:14.450,5a5a5a5a55aa002260ba440002d0002100000000
01:30:14.463,000a04185a5a5a5a
01:30:14.648,55aa19200000000000030032f772000100090018
01:30:14.659,5a5a5a5a55aa002260ba440002cf002100000000
01:30:14.665,000a04185a5a5a5a
01:30:14.856,55aa19200000000000030032f776000100090018
01:30:14.858,5a5a5a5a55aa002260ba440002cf002100000000
01:30:14.869,000a04185a5a5a5a
01:30:15.064,55aa19200000000000030028f778000100090018
01:30:15.067,5a5a5a5a55aa002260ba440002cf002100000000
01:30:15.074,000a04185a5a5a5a
01:30:15.258,55aa19200000000000030032f77b000100090018
01:30:15.260,5a5a5a5a55aa002260ba440002cf002100000000
01:30:15.271,000a04185a5a5a5a
01:30:15.466,55aa19200000000000030032f77c000100090018
01:30:15.467,5a5a5a5a55aa002260ba440002cf002100000000
01:30:15.480,000a04185a5a5a5a
01:30:15.663,55aa19200000000000030032f77e000100090018
01:30:15.676,5a5a5a5a55aa002260ba440002ce002100000000
01:30:15.680,000a04185a5a5a5a
01:30:15.873,55aa19200000000000030032f783000100090018
01:30:15.875,5a5a5a5a55aa002260ba440002ce002100000000
01:30:15.888,000a04185a5a5a5a
01:30:16.085,55aa1920000000000003005af782000100090018
01:30:16.099,5a5a5a5a55aa002260ba440002ce002100000000
01:30:16.103,000a04185a5a5a5a
01:30:16.280,55aa19200000000000030050f781000100090018
01:30:16.282,5a5a5a5a55aa002260ba440002ce002100000000
01:30:16.292,000a04185a5a5a5a
01:30:16.489,55aa1920000000000003003cf77f000100090018
01:30:16.491,5a5a5a5a55aa002260ba440002ce002100000000
01:30:16.503,000a04185a5a5a5a
01:30:16.685,55aa19200000000000030032f782000100090018
01:30:16.698,5a5a5a5a55aa002260ba440002cd002100000000
01:30:16.702,000a04185a5a5a5a
01:30:16.894,55aa19200000000000030032f78a000100090018
01:30:16.896,5a5a5a5a55aa002260ba440002cd002100000000
01:30:16.908,000a04185a5a5a5a
01:30:17.105,55aa19200000000000030028f788000100090018
01:30:17.121,5a5a5a5a55aa002260ba440002cd002100000000
01:30:17.126,000a04185a5a5a5a
01:30:17.300,55aa19200000000000030014f791000100090018
01:30:17.302,5a5a5a5a55aa002260ba440002cd002100000000
01:30:17.313,000a04185a5a5a5a
01:30:17.510,55aa19200000000000030014f78f000100090018
01:30:17.512,5a5a5a5a55aa002260ba440002cd002100000000
01:30:17.526,000a04185a5a5a5a
01:30:17.707,55aa1920000000000003000af790000100090018
01:30:17.725,5a5a5a5a55aa002260ba440002cc002100000000
01:30:17.732,000a04185a5a5a5a
01:30:17.917,55aa1920000000000003000af790000100090018
01:30:17.928,5a5a5a5a55aa002260ba440002cc002100000000
01:30:17.932,000a04185a5a5a5a
01:30:18.119,55aa1920000000000003000af792000100090018
01:30:18.123,5a5a5a5a55aa002260ba440002cc002100000000
01:30:18.130,000a04185a5a5a5a
01:30:18.319,55aa1920000000000003000af794000100090018
01:30:18.339,5a5a5a5a55aa002260ba440002cc002100000000
01:30:18.348,000a04185a5a5a5a
01:30:18.531,55aa1920000000000003000af796000100090018
01:30:18.534,5a5a5a5a55aa002260ba440002cc002100000000
01:30:18.539,000a04185a5a5a5a
01:30:18.725,55aa19200000000000030014f799000100090018
01:30:18.739,5a5a5a5a55aa002260ba440002cb002100000000
01:30:18.746,000a04185a5a5a5a
01:30:18.934,55aa1920000000000003000af797000100090018
01:30:18.937,5a5a5a5a55aa002260ba440002cb002100000000
01:30:18.948,000a04185a5a5a5a
01:30:19.131,55aa19200000000000030014f79c000100090018
01:30:19.143,5a5a5a5a55aa002260ba440002cb002100000000
01:30:19.149,000a04185a5a5a5a
01:30:19.340,55aa1920000000000003000af79f000100090018
01:30:19.343,5a5a5a5a55aa002260ba440002cb002100000000
01:30:19.353,000a04185a5a5a5a
01:30:19.552,55aa1920000000000003000af7a0000100090018
01:30:19.555,5a5a5a5a55aa002260ba440002cb002100000000
01:30:19.561,000a04185a5a5a5a
01:30:19.742,55aa19200000000000030000f7a3000100090018
01:30:19.744,5a5a5a5a55aa002260ba440002ca002100000000
01:30:19.757,000a04185a5a5a5a
01:30:19.951,55aa1920000000000003000af7a3000100090018
01:30:19.952,5a5a5a5a55aa002260ba440002ca002100000000
01:30:19.966,000a04185a5a5a5a
01:30:20.147,55aa1920000000000003000af7a7000100090018
01:30:20.164,5a5a5a5a55aa002260ba440002ca002100000000
01:30:20.172,000a04185a5a5a5a
01:30:20.358,55aa19200000000000030000f7a7000100090018
01:30:20.360,5a5a5a5a55aa002260ba440002ca002100000000
01:30:20.373,000a04185a5a5a5a
01:30:20.568,55aa19200000000000030000f7a2000100090018
01:30:20.570,5a5a5a5a55aa002260ba440002ca002100000000
01:30:20.573,000a04185a5a5a5a
01:30:20.763,55aa1920000000000003000af7a7000100090018
01:30:20.765,5a5a5a5a55aa002260ba440002c9002100000000
01:30:20.779,000a04185a5a5a5a
01:30:20.975,55aa19200000000000030028f7ae000100090018
01:30:20.978,5a5a5a5a55aa002260ba440002c9002100000000
01:30:20.990,000a04185a5a5a5a
01:30:21.170,55aa1920000000000003003cf7ae000100090018
01:30:21.184,5a5a5a5a55aa002260ba440002c9002100000000
01:30:21.191,000a04185a5a5a5a
01:30:21.382,55aa1920000000000003ffd8f7ac000100090018
01:30:21.384,5a5a5a5a55aa002260ba440002c9002100000000
01:30:21.394,000a04185a5a5a5a
01:30:21.590,55aa1920fffa00000003ffe2f7b8000100090018
01:30:21.593,5a5a5a5a55aa002260ba440002cf002100000000
01:30:21.598,000a04185a5a5a5a
01:30:21.785,55aa19200000000000030032f7b9000100090018
01:30:21.787,5a5a5a5a55aa002260ba440002d0002100000000
01:30:21.800,000a04185a5a5a5a
01:30:21.995,55aa19200004000000030028f7b8000100090018
01:30:21.997,5a5a5a5a55aa002260ba440002d0002100000000
01:30:22.011,000a04185a5a5a5a
01:30:22.190,55aa19200017000000030046f7b9000100090018
01:30:22.206,5a5a5a5a55aa002260ba440002d0002100000000
01:30:22.213,000a04185a5a5a5a
01:30:22.402,55aa19200000000000030046f7bc000100090018
01:30:22.404,5a5a5a5a55aa002260ba440002d0002100000000
01:30:22.421,000a04185a5a5a5a
01:30:22.610,55aa1920000a000000030014f7bd000100090018
01:30:22.613,5a5a5a5a55aa002260ba440002cf002100000000
01:30:22.619,000a04185a5a5a5a
01:30:22.807,55aa19200000000000030032f7b8000100090018
01:30:22.810,5a5a5a5a55aa002260ba440002d0002100000000
01:30:22.820,000a04185a5a5a5a
01:30:23.017,55aa19200002000000030050f7bf000100090018
01:30:23.020,5a5a5a5a55aa002260ba440002d0002100000000
01:30:23.032,000a04185a5a5a5a
01:30:23.213,55aa19200014000000030000f7be000100090018
01:30:23.227,5a5a5a5a55aa002260ba440002d0002100000000
01:30:23.234,000a04185a5a5a5a
01:30:23.422,55aa19200000000000030014f7c0000100090018
01:30:23.425,5a5a5a5a55aa002260ba440002d0002100000000
01:30:23.435,000a04185a5a5a5a
01:30:23.632,55aa19200010000000030046f7c5000100090018
01:30:23.634,5a5a5a5a55aa002260ba440002cf002100000000
01:30:23.639,000a04185a5a5a5a
01:30:23.827,55aa19200000000000030050f7c4000100090018
01:30:23.829,5a5a5a5a55aa002260ba440002d0002100000000
01:30:23.841,000a04185a5a5a5a
01:30:24.038,55aa1920000d000000030028f7c5000100090018
01:30:24.041,5a5a5a5a55aa002260ba440002d0002100000000
01:30:24.066,000a04185a5a5a5a
01:30:24.232,55aa1920000100000003000af7cc000100090018
01:30:24.248,5a5a5a5a55aa002260ba440002d0002100000000
01:30:24.254,000a04185a5a5a5a
01:30:24.443,55aa19200000000000030032f7cf000100090018
01:30:24.445,5a5a5a5a55aa002260ba440002d0002100000000
01:30:24.455,000a04185a5a5a5a
01:30:24.652,55aa19200004000000030064f7c9000100090018
01:30:24.655,5a5a5a5a55aa002260ba440002d0002100000000
01:30:24.661,000a04185a5a5a5a
01:30:24.848,55aa19200002000000030050f7cf000100090018
01:30:24.850,5a5a5a5a55aa002260ba440002d0002100000000
01:30:24.860,000a04185a5a5a5a
01:30:25.055,55aa19200002000000030028f7d0000100090018
01:30:25.058,5a5a5a5a55aa002260ba440002d0002100000000
01:30:25.070,000a04185a5a5a5a
01:30:25.251,55aa19200000000000030028f7d1000100090018
01:30:25.269,5a5a5a5a55aa002260ba440002d0002100000000
01:30:25.275,000a04185a5a5a5a
01:30:25.461,55aa19200000000000030032f7d3000100090018
01:30:25.463,5a5a5a5a55aa002260ba440002d0002100000000
01:30:25.493,000a04185a5a5a5a
01:30:25.673,55aa1920000000000003005af7d4000100090018
01:30:25.676,5a5a5a5a55aa002260ba440002cf002100000000
01:30:25.682,000a04185a5a5a5a
01:30:25.868,55aa1920000000000003005af7d5000100090018
01:30:25.871,5a5a5a5a55aa002260ba440002d0002100000000
01:30:25.880,000a04185a5a5a5a
01:30:26.078,55aa19200000000000030064f7d9000100090018
01:30:26.080,5a5a5a5a55aa002260ba440002d0002100000000
01:30:26.091,000a04185a5a5a5a
01:30:26.274,55aa1920000000000003ffd8f7da000100090018
01:30:26.287,5a5a5a5a55aa002260ba440002d0002100000000
01:30:26.293,000a04185a5a5a5a
01:30:26.481,55aa1920000000000003ffe2f7da000100090018
01:30:26.483,5a5a5a5a55aa002260ba440002d0002100000000
01:30:26.496,000a04185a5a5a5a
01:30:26.678,55aa19200006000000030064f7db000100090018
01:30:26.694,5a5a5a5a55aa002260ba440002cf002100000000
01:30:26.700,000a04185a5a5a5a
01:30:26.889,55aa19200000000000030050f7db000100090018
01:30:26.900,5a5a5a5a55aa002260ba440002d0002100000000
01:30:26.906,000a04185a5a5a5a
01:30:27.099,55aa1920000000000003000af7e1000100090018
01:30:27.101,5a5a5a5a55aa002260ba440002d0002100000000
01:30:27.112,000a04185a5a5a5a
01:30:27.293,55aa1920000f000000030032f7e1000100090018
01:30:27.308,5a5a5a5a55aa002260ba440002d0002100000000
01:30:27.313,000a04185a5a5a5a
01:30:27.503,55aa19200001000000030050f7e3000100090018
01:30:27.506,5a5a5a5a55aa002260ba440002d0002100000000
01:30:27.522,000a04185a5a5a5a
01:30:27.699,55aa19200000000000030046f7df000100090018
01:30:27.712,5a5a5a5a55aa002260ba440002cf002100000000
01:30:27.718,000a04185a5a5a5a
01:30:27.909,55aa1920000000000003003cf7e7000100090018
01:30:27.911,5a5a5a5a55aa002260ba440002d0002100000000
01:30:27.924,000a04185a5a5a5a
01:30:28.117,55aa1920000000000003ffe2f7e6000100090018
01:30:28.120,5a5a5a5a55aa002260ba440002d0002100000000
01:30:28.132,000a04185a5a5a5a
01:30:28.314,55aa19200007000000030014f7e5000100090018
01:30:28.328,5a5a5a5a55aa002260ba440002d0002100000000
01:30:28.335,000a04185a5a5a5a
01:30:28.523,55aa19200002000000030046f7ea000100090018
01:30:28.525,5a5a5a5a55aa002260ba440002d0002100000000
01:30:28.537,000a04185a5a5a5a
01:30:28.721,55aa19200000000000030050f7ec000100090018
01:30:28.733,5a5a5a5a55aa002260ba440002cf002100000000
01:30:28.739,000a04185a5a5a5a
01:30:28.927,55aa19200000000000030050f7f2000100090018
01:30:28.930,5a5a5a5a55aa002260ba440002d0002100000000
01:30:28.960,000a04185a5a5a5a
01:30:29.138,55aa19200017000000030028f7f4000100090018
01:30:29.140,5a5a5a5a55aa002260ba440002d0002100000000
01:30:29.153,000a04185a5a5a5a
01:30:29.332,55aa1920000000000003000af7f0000100090018
01:30:29.335,5a5a5a5a55aa002260ba440002d0002100000000
01:30:29.347,000a04185a5a5a5a
01:30:29.560,55aa1920000a000000030032f7f6000100090018
01:30:29.562,5a5a5a5a55aa002260ba440002d0002100000000
01:30:29.568,000a04185a5a5a5a
01:30:29.739,55aa19200000000000030050f7f6000100090018
01:30:29.754,5a5a5a5a55aa002260ba440002cf002100000000
01:30:29.760,000a04185a5a5a5a
01:30:29.950,55aa1920000000000003005af7f8000100090018
01:30:29.952,5a5a5a5a55aa002260ba440002d0002100000000
01:30:29.963,000a04185a5a5a5a
01:30:30.159,55aa19200000000000030028f7f5000100090018
01:30:30.162,5a5a5a5a55aa002260ba440002d0002100000000
01:30:30.168,000a04185a5a5a5a
01:30:30.355,55aa19200001000000030032f7f7000100090018
01:30:30.357,5a5a5a5a55aa002260ba440002d0002100000000
01:30:30.366,000a04185a5a5a5a
01:30:30.561,55aa19200012000000030046f7fb000100090018
01:30:30.563,5a5a5a5a55aa002260ba440002d0002100000000
01:30:30.591,000a04185a5a5a5a
01:30:30.759,55aa1920000500000003005af7ff000100090018
01:30:30.773,5a5a5a5a55aa002260ba440002d0002100000000
01:30:30.779,000a04185a5a5a5a
01:30:30.970,55aa19200004000000030050f7fc000100090018
01:30:30.972,5a5a5a5a55aa002260ba440002d0002100000000
01:30:30.982,000a04185a5a5a5a
01:30:31.178,55aa19200001000000030032f800000100090018
01:30:31.181,5a5a5a5a55aa002260ba440002d0002100000000
01:30:31.186,000a04185a5a5a5a
01:30:31.375,55aa1920000300000003003cf805000100090018
01:30:31.377,5a5a5a5a55aa002260ba440002d0002100000000
01:30:31.388,000a04185a5a5a5a
01:30:31.600,55aa19200019000000030014f806000100090018
01:30:31.602,5a5a5a5a55aa002260ba440002d0002100000000
01:30:31.608,000a04185a5a5a5a
01:30:31.793,55aa19200000000000030050f802000100090018
01:30:31.796,5a5a5a5a55aa002260ba440002cf002100000000
01:30:31.801,000a04185a5a5a5a
01:30:31.988,55aa1920fffe00000003ffc4f803000100090018
01:30:31.991,5a5a5a5a55aa002260ba440002d0002100000000
01:30:32.019,000a04185a5a5a5a
01:30:32.201,55aa1920000000000003000af805000100090018
01:30:32.203,5a5a5a5a55aa002260ba440002d0002100000000
01:30:32.208,000a04185a5a5a5a
01:30:32.394,55aa1920fff000000003ffe2f805000100090018
01:30:32.410,5a5a5a5a55aa002260ba440002d0002100000000
01:30:32.417,000a04185a5a5a5a
01:30:32.605,55aa1920000000000003ffb0f808000100090018
01:30:32.607,5a5a5a5a55aa002260ba440002d0002100000000
01:30:32.618,000a04185a5a5a5a
01:30:32.801,55aa1920fffc00000003ffd8f80b000100090018
01:30:32.815,5a5a5a5a55aa002260ba440002d0002100000000
01:30:32.822,000a04185a5a5a5a
01:30:33.025,55aa19200000000000030014f809000100090018
01:30:33.027,5a5a5a5a55aa002260ba440002d0002100000000
01:30:33.033,000a04185a5a5a5a
01:30:33.220,55aa1920fffe00000003ffe2f80d000100090018
01:30:33.222,5a5a5a5a55aa002260ba440002d0002100000000
01:30:33.227,000a04185a5a5a5a
01:30:33.415,55aa1920000000000003ffecf814000100090018
01:30:33.430,5a5a5a5a55aa002260ba440002d0002100000000
01:30:33.435,000a04185a5a5a5a
01:30:33.623,55aa1920fff900000003ffbaf815000100090018
01:30:33.626,5a5a5a5a55aa002260ba440002d0002100000000
01:30:33.638,000a04185a5a5a5a
01:30:33.820,55aa19200006000000030014f816000100090018
01:30:33.833,5a5a5a5a55aa002260ba440002d0002100000000
01:30:33.839,000a04185a5a5a5a
01:30:34.030,55aa19200005000000030050f819000100090018
01:30:34.032,5a5a5a5a55aa002260ba440002d0002100000000
01:30:34.044,000a04185a5a5a5a
01:30:34.256,55aa19200005000000030000f81b000100090018
01:30:34.259,5a5a5a5a55aa002260ba440002d0002100000000
01:30:34.264,000a04185a5a5a5a
01:30:34.436,55aa1920ffea00000003ffecf81e000100090018
01:30:34.438,5a5a5a5a55aa002260ba440002d0002100000000
01:30:34.449,000a04185a5a5a5a
01:30:34.645,55aa1920001900000003001ef818000100090018
01:30:34.648,5a5a5a5a55aa002260ba440002d0002100000000
01:30:34.659,000a04185a5a5a5a
01:30:34.838,55aa1920000000000003ffcef81b000100090018
01:30:34.841,5a5a5a5a55aa002260ba440002cf002100000000
01:30:34.854,000a04185a5a5a5a
