01:35:00.094,55aa188001900000042902a8fd22000200090018
01:35:00.141,5a5a5a5a55aa002264e0440002d0002100000001
01:35:00.147,000a04185a5a5a5a
01:35:00.321,55aa18800191000004290474fd1e000200090018
01:35:00.410,5a5a5a5a55aa002264e0440002d0002100000001
01:35:00.416,000a04185a5a5a5a
01:35:00.531,55aa1880018f0000042a0424fd23000200090018
01:35:00.533,5a5a5a5a55aa002264e1440002d0002100000001
01:35:00.538,000a04185a5a5a5a
01:35:00.726,55aa188001a90000042b0262fd25000200090018
01:35:00.728,5a5a5a5a55aa002264e2440002d0002100000001
01:35:00.733,000a04185a5a5a5a
01:35:00.965,55aa188001a90000042c0456fd1e000200090018
01:35:00.968,5a5a5a5a55aa002264e3440002d0002100000001
01:35:00.983,000a04185a5a5a5a
01:35:01.131,55aa188001900000042d019afd1f000200090018
01:35:01.133,5a5a5a5a55aa002264e4440002d0002100000001
01:35:01.138,000a04185a5a5a5a
01:35:01.341,55aa1880018f0000042e00b4fd22000200090018
01:35:01.343,5a5a5a5a55aa002264e5440002d0002100000001
01:35:01.349,000a04185a5a5a5a
01:35:01.551,55aa1880018f0000042e0244fd1e000200090018
01:35:01.553,5a5a5a5a55aa002264e5440002d0002100000001
01:35:01.558,000a04185a5a5a5a
01:35:01.730,55aa188801860000042f01f4fd21000200090018
01:35:01.733,5a5a5a5a55aa002264e6440002d0002100000001
01:35:01.744,000a04185a5a5a5a
01:35:01.941,55aa188801800000043001b8fd23000200090018
01:35:01.943,5a5a5a5a55aa002264e7440002d0002100000001
01:35:01.953,000a04185a5a5a5a
01:35:02.150,55aa1888018d000004310208fd1f000200090018
01:35:02.152,5a5a5a5a55aa002264e8440002d0002100000001
01:35:02.158,000a04185a5a5a5a
01:35:02.346,55aa1888017f00000432012cfd22000200090018
01:35:02.349,5a5a5a5a55aa002264e9440002d0002100000001
01:35:02.359,000a04185a5a5a5a
01:35:02.541,55aa18880173000004320244fd23000200090018
01:35:02.571,5a5a5a5a55aa002264e9440002d0002100000001
01:35:02.577,000a04185a5a5a5a
01:35:02.751,55aa188801710000043301fefd26000200090018
01:35:02.753,5a5a5a5a55aa002264ea440002d0002100000001
01:35:02.763,000a04185a5a5a5a
01:35:02.976,55aa1888016800000434053cfd27000200090018
01:35:02.978,5a5a5a5a55aa002264eb440002d0002100000001
01:35:02.984,000a04185a5a5a5a
01:35:03.155,55aa188801840000043503f2fd27000200090018
01:35:03.171,5a5a5a5a55aa002264ec440002d0002100000001
01:35:03.176,000a04185a5a5a5a
01:35:03.366,55aa188001860000043503d4fd25000200090018
01:35:03.368,5a5a5a5a55aa002264ec440002d0002100000001
01:35:03.396,000a04185a5a5a5a
01:35:03.592,55aa1880018e00000436021cfd24000200090018
01:35:03.594,5a5a5a5a55aa002264ed440002d0002100000001
01:35:03.601,000a04185a5a5a5a
01:35:03.771,55aa1880018c0000043704cefd27000200090018
01:35:03.774,5a5a5a5a55aa002264ee440002d0002100000001
01:35:03.784,000a04185a5a5a5a
01:35:03.981,55aa1880018d0000043802e4fd2b000200090018
01:35:03.983,5a5a5a5a55aa002264ef440002d0002100000001
01:35:03.989,000a04185a5a5a5a
01:35:04.176,55aa1880018e000004390532fd29000200090018
01:35:04.179,5a5a5a5a55aa002264f0440002d0002100000001
01:35:04.205,000a04185a5a5a5a
01:35:04.387,55aa1878018e00000439073afd27000200090018
01:35:04.389,5a5a5a5a55aa002264f0440002d0002100000001
01:35:04.399,000a04185a5a5a5a
01:35:04.582,55aa1878019a0000043a04b0fd2c000200090018
01:35:04.596,5a5a5a5a55aa002264f1440002d0002100000001
01:35:04.602,000a04185a5a5a5a
01:35:04.792,55aa187801920000043b04d8fd32000200090018
01:35:04.794,5a5a5a5a55aa002264f2440002d0002100000001
01:35:04.804,000a04185a5a5a5a
01:35:05.002,55aa187001980000043c04f6fd2e000200090018
01:35:05.005,5a5a5a5a55aa002264f3440002d0002100000001
01:35:05.010,000a04185a5a5a5a
01:35:05.197,55aa187001a70000043d05f0fd2f000200090018
01:35:05.199,5a5a5a5a55aa002264f4440002d0002100000001
01:35:05.227,000a04185a5a5a5a
01:35:05.406,55aa187001a70000043e01eafd30000200090018
01:35:05.409,5a5a5a5a55aa002264f5440002d0002100000001
01:35:05.420,000a04185a5a5a5a
01:35:05.618,55aa187001900000043f0492fd30000200090018
01:35:05.620,5a5a5a5a55aa002264f6440002d0002100000001
01:35:05.625,000a04185a5a5a5a
01:35:05.813,55aa187001a00000043f0334fd35000200090018
01:35:05.815,5a5a5a5a55aa002264f6440002d0002100000001
01:35:05.840,000a04185a5a5a5a
01:35:06.068,55aa1870019d0000044003b6fd30000200090018
01:35:06.071,5a5a5a5a55aa002264f7440002d0002100000001
01:35:06.076,000a04185a5a5a5a
01:35:06.233,55aa187801aa000004410276fd35000200090018
01:35:06.235,5a5a5a5a55aa002264f8440002d0002100000001
01:35:06.241,000a04185a5a5a5a
01:35:06.428,55aa187801ae00000442015efd37000200090018
01:35:06.430,5a5a5a5a55aa002264f9440002d0002100000001
01:35:06.472,000a04185a5a5a5a
01:35:06.639,55aa18780197000004430474fd35000200090018
01:35:06.641,5a5a5a5a55aa002264fa440002d0002100000001
01:35:06.647,000a04185a5a5a5a
01:35:06.847,55aa187801a0000004440500fd35000200090018
01:35:06.850,5a5a5a5a55aa002264fb440002d0002100000001
01:35:06.855,000a04185a5a5a5a
01:35:07.043,55aa187801b600000444ffe2fd34000200090018
01:35:07.045,5a5a5a5a55aa002264fb440002d0002100000001
01:35:07.051,000a04185a5a5a5a
01:35:07.238,55aa1880019500000445fcccfd36000200090018
01:35:07.240,5a5a5a5a55aa002264fc440002d0002100000001
01:35:07.250,000a04185a5a5a5a
01:35:07.448,55aa1888017e00000446fac4fd35000200090018
01:35:07.450,5a5a5a5a55aa002264fd440002d0002100000001
01:35:07.461,000a04185a5a5a5a
01:35:07.658,55aa1890014900000447fc9afd35000200090018
01:35:07.661,5a5a5a5a55aa002264fe440002d0002100000001
01:35:07.666,000a04185a5a5a5a
01:35:07.853,55aa1890016000000448ff60fd38000200090018
01:35:07.855,5a5a5a5a55aa002264ff440002d0002100000001
01:35:07.866,000a04185a5a5a5a
01:35:08.063,55aa1898015e00000448fba0fd3c000200090018
01:35:08.065,5a5a5a5a55aa002264ff440002d0002100000001
01:35:08.071,000a04185a5a5a5a
01:35:08.273,55aa18a0011900000449fbc8fd3b000200090018
01:35:08.275,5a5a5a5a55aa00226500440002d0002100000001
01:35:08.279,000a04185a5a5a5a
01:35:08.469,55aa18a0011800000449fcaefd3a000200090018
01:35:08.471,5a5a5a5a55aa00226500440002d0002100000001
01:35:08.481,000a04185a5a5a5a
01:35:08.662,55aa18a8010b0000044af984fd3d000200090018
01:35:08.678,5a5a5a5a55aa00226501440002d0002100000001
01:35:08.684,000a04185a5a5a5a
01:35:08.889,55aa18a801090000044bfc54fd40000200090018
01:35:08.891,5a5a5a5a55aa00226502440002d0002100000001
01:35:08.895,000a04185a5a5a5a
01:35:09.083,55aa18b000a90000044b0226fd3e000200090018
01:35:09.085,5a5a5a5a55aa00226502440002d0002100000001
01:35:09.091,000a04185a5a5a5a
01:35:09.279,55aa18b000d50000044b01a4fd3c000200090018
01:35:09.282,5a5a5a5a55aa00226502440002d0002100000001
01:35:09.323,000a04185a5a5a5a
01:35:09.489,55aa18b000b60000044cfea2fd43000200090018
01:35:09.491,5a5a5a5a55aa00226503440002d0002100000001
01:35:09.502,000a04185a5a5a5a
01:35:09.684,55aa18b000b10000044c05fafd43000200090018
01:35:09.686,5a5a5a5a55aa00226503440002d0002100000001
01:35:09.697,000a04185a5a5a5a
01:35:09.894,55aa18a800bc0000044d0d48fd3f000200090018
01:35:09.896,5a5a5a5a55aa00226504440002d0002100000001
01:35:09.907,000a04185a5a5a5a
01:35:10.103,55aa189800e70000044d0a3cfd3e000200090018
01:35:10.105,5a5a5a5a55aa00226504440002d0002100000001
01:35:10.111,000a04185a5a5a5a
01:35:10.299,55aa189001090000044e0a96fd43000200090018
01:35:10.301,5a5a5a5a55aa00226505440002d0002100000001
01:35:10.312,000a04185a5a5a5a
01:35:10.509,55aa1880012d0000044e0ba4fd45000200090018
01:35:10.512,5a5a5a5a55aa00226505440002d0002100000001
01:35:10.517,000a04185a5a5a5a
01:35:10.703,55aa187801470000044f094cfd47000200090018
01:35:10.705,5a5a5a5a55aa00226506440002d0002100000001
01:35:10.718,000a04185a5a5a5a
01:35:10.912,55aa1870014a0000044f09ecfd4b000200090018
01:35:10.914,5a5a5a5a55aa00226506440002d0002100000001
01:35:10.927,000a04185a5a5a5a
01:35:11.109,55aa186801620000045004a6fd47000200090018
01:35:11.124,5a5a5a5a55aa00226507440002d0002100000001
01:35:11.129,000a04185a5a5a5a
01:35:11.364,55aa187001500000045105b4fd48000200090018
01:35:11.366,5a5a5a5a55aa00226508440002d0002100000001
01:35:11.372,000a04185a5a5a5a
01:35:11.530,55aa187001430000045204cefd44000200090018
01:35:11.532,5a5a5a5a55aa00226509440002d0002100000001
01:35:11.537,000a04185a5a5a5a
01:35:11.725,55aa18680162000004520816fd48000200090018
01:35:11.727,5a5a5a5a55aa00226509440002d0002100000001
01:35:11.737,000a04185a5a5a5a
01:35:11.935,55aa1868016a0000045308acfd50000200090018
01:35:11.937,5a5a5a5a55aa0022650a440002d0002100000001
01:35:11.948,000a04185a5a5a5a
01:35:12.130,55aa1868018600000454ff88fd4a000200090018
01:35:12.145,5a5a5a5a55aa0022650b440002d0002100000001
01:35:12.152,000a04185a5a5a5a
01:35:12.339,55aa186801630000045403acfd4c000200090018
01:35:12.341,5a5a5a5a55aa0022650b440002d0002100000001
01:35:12.351,000a04185a5a5a5a
01:35:12.550,55aa1868017700000455055afd4a000200090018
01:35:12.552,5a5a5a5a55aa0022650c440002d0002100000001
01:35:12.557,000a04185a5a5a5a
01:35:12.744,55aa186001770000045605b4fd51000200090018
01:35:12.746,5a5a5a5a55aa0022650d440002d0002100000001
01:35:12.758,000a04185a5a5a5a
01:35:12.954,55aa1860018e0000045703f2fd50000200090018
01:35:12.956,5a5a5a5a55aa0022650e440002d0002100000001
01:35:12.968,000a04185a5a5a5a
01:35:13.150,55aa1860018e000004580596fd4c000200090018
01:35:13.163,5a5a5a5a55aa0022650f440002d0002100000001
01:35:13.169,000a04185a5a5a5a
01:35:13.361,55aa186001aa000004580410fd50000200090018
01:35:13.363,5a5a5a5a55aa0022650f440002d0002100000001
01:35:13.390,000a04185a5a5a5a
01:35:13.570,55aa186001af000004590334fd51000200090018
01:35:13.572,5a5a5a5a55aa00226510440002d0002100000001
01:35:13.578,000a04185a5a5a5a
01:35:13.765,55aa186001a00000045a0604fd50000200090018
01:35:13.768,5a5a5a5a55aa00226511440002d0002100000001
01:35:13.778,000a04185a5a5a5a
01:35:13.976,55aa186001bb0000045b046afd52000200090018
01:35:13.978,5a5a5a5a55aa00226512440002d0002100000001
01:35:13.988,000a04185a5a5a5a
01:35:14.169,55aa186001bb0000045c046afd54000200090018
01:35:14.183,5a5a5a5a55aa00226513440002d0002100000001
01:35:14.189,000a04185a5a5a5a
01:35:14.379,55aa186001a90000045d028afd56000200090018
01:35:14.381,5a5a5a5a55aa00226514440002d0002100000001
01:35:14.408,000a04185a5a5a5a
01:35:14.591,55aa186801ac0000045e01c2fd53000200090018
01:35:14.603,5a5a5a5a55aa00226515440002d0002100000001
01:35:14.609,000a04185a5a5a5a
01:35:14.785,55aa186801b60000045f0028fd54000200090018
01:35:14.787,5a5a5a5a55aa00226516440002d0002100000001
01:35:14.799,000a04185a5a5a5a
01:35:14.996,55aa187001ae0000045f0190fd57000200090018
01:35:14.998,5a5a5a5a55aa00226516440002d0002100000001
01:35:15.009,000a04185a5a5a5a
01:35:15.205,55aa187001930000046001fefd52000200090018
01:35:15.207,5a5a5a5a55aa00226517440002d0002100000001
01:35:15.213,000a04185a5a5a5a
01:35:15.401,55aa1870019900000461029efd59000200090018
01:35:15.403,5a5a5a5a55aa00226518440002d0002100000001
01:35:15.413,000a04185a5a5a5a
01:35:15.611,55aa187001a0000004620370fd5b000200090018
01:35:15.613,5a5a5a5a55aa00226519440002d0002100000001
01:35:15.671,000a04185a5a5a5a
01:35:15.804,55aa187001a5000004630456fd58000200090018
01:35:15.807,5a5a5a5a55aa0022651a440002d0002100000001
01:35:15.819,000a04185a5a5a5a
01:35:16.046,55aa187001bb000004640212fd5d000200090018
01:35:16.048,5a5a5a5a55aa0022651b440002d0002100000001
01:35:16.054,000a04185a5a5a5a
01:35:16.209,55aa187001bd0000046502b2fd5a000200090018
01:35:16.211,5a5a5a5a55aa0022651c440002d0002100000001
01:35:16.224,000a04185a5a5a5a
01:35:16.420,55aa187001bb000004660406fd5b000200090018
01:35:16.422,5a5a5a5a55aa0022651d440002d0002100000001
01:35:16.434,000a04185a5a5a5a
01:35:16.631,55aa187001bb000004660406fd5d000200090018
01:35:16.634,5a5a5a5a55aa0022651d440002d0002100000001
01:35:16.639,000a04185a5a5a5a
01:35:16.826,55aa187001bc00000467056efd5b000200090018
01:35:16.828,5a5a5a5a55aa0022651e440002d0002100000001
01:35:16.839,000a04185a5a5a5a
01:35:17.037,55aa186801c6000004680582fd60000200090018
01:35:17.039,5a5a5a5a55aa0022651f440002d0002100000001
01:35:17.044,000a04185a5a5a5a
01:35:17.231,55aa186801df000004690082fd61000200090018
01:35:17.233,5a5a5a5a55aa00226520440002d0002100000001
01:35:17.244,000a04185a5a5a5a
01:35:17.439,55aa186801cf0000046a024efd60000200090018
01:35:17.454,5a5a5a5a55aa00226521440002d0002100000001
01:35:17.460,000a04185a5a5a5a
01:35:17.637,55aa186801bd0000046b04b0fd5e000200090018
01:35:17.651,5a5a5a5a55aa00226522440002d0002100000001
01:35:17.657,000a04185a5a5a5a
01:35:17.861,55aa186801cd0000046c0398fd62000200090018
01:35:17.863,5a5a5a5a55aa00226523440002d0002100000001
01:35:17.867,000a04185a5a5a5a
01:35:18.056,55aa186801cb0000046d03c0fd65000200090018
01:35:18.058,5a5a5a5a55aa00226524440002d0002100000001
01:35:18.070,000a04185a5a5a5a
01:35:18.253,55aa186801d70000046e0578fd60000200090018
01:35:18.266,5a5a5a5a55aa00226525440002d0002100000001
01:35:18.272,000a04185a5a5a5a
01:35:18.460,55aa186801e30000046f0316fd65000200090018
01:35:18.463,5a5a5a5a55aa00226526440002d0002100000001
01:35:18.474,000a04185a5a5a5a
01:35:18.657,55aa186801ca000004700276fd63000200090018
01:35:18.672,5a5a5a5a55aa00226527440002d0002100000001
01:35:18.678,000a04185a5a5a5a
01:35:18.865,55aa186801e4000004710316fd68000200090018
01:35:18.867,5a5a5a5a55aa00226528440002d0002100000001
01:35:18.880,000a04185a5a5a5a
01:35:19.077,55aa186801df0000047202c6fd67000200090018
01:35:19.079,5a5a5a5a55aa00226529440002d0002100000001
01:35:19.085,000a04185a5a5a5a
01:35:19.287,55aa187001d0000004730168fd66000200090018
01:35:19.317,5a5a5a5a55aa0022652a440002d0002100000001
01:35:19.322,000a04185a5a5a5a
01:35:19.482,55aa187001d200000474010efd6a000200090018
01:35:19.484,5a5a5a5a55aa0022652b440002d0002100000001
01:35:19.493,000a04185a5a5a5a
01:35:19.678,55aa187001cd0000047501a4fd69000200090018
01:35:19.692,5a5a5a5a55aa0022652c440002d0002100000001
01:35:19.698,000a04185a5a5a5a
01:35:19.887,55aa187801d4000004760244fd6c000200090018
01:35:19.933,5a5a5a5a55aa0022652d440002d0002100000001
01:35:19.977,000a04185a5a5a5a
01:35:20.097,55aa187801d500000477023afd69000200090018
01:35:20.111,5a5a5a5a55aa0022652e440002d0002100000001
01:35:20.117,000a04185a5a5a5a
01:35:20.293,55aa187801d70000047703a2fd68000200090018
01:35:20.307,5a5a5a5a55aa0022652e440002d0002100000001
01:35:20.313,000a04185a5a5a5a
01:35:20.502,55aa187801bf0000047803fcfd6b000200090018
01:35:20.504,5a5a5a5a55aa0022652f440002d0002100000001
01:35:20.515,000a04185a5a5a5a
01:35:20.693,55aa187001cc000004790438fd6d000200090018
01:35:20.708,5a5a5a5a55aa00226530440002d0002100000001
01:35:20.712,000a04185a5a5a5a
01:35:20.907,55aa187001d10000047a0488fd6f000200090018
01:35:20.910,5a5a5a5a55aa00226531440002d0002100000001
01:35:20.920,000a04185a5a5a5a
01:35:21.131,55aa187001d80000047b05a0fd70000200090018
01:35:21.134,5a5a5a5a55aa00226532440002d0002100000001
01:35:21.139,000a04185a5a5a5a
01:35:21.311,55aa187001d60000047c038efd72000200090018
01:35:21.313,5a5a5a5a55aa00226533440002d0002100000001
01:35:21.325,000a04185a5a5a5a
01:35:21.521,55aa187001d20000047d03c0fd6e000200090018
01:35:21.538,5a5a5a5a55aa00226534440002d0002100000001
01:35:21.544,000a04185a5a5a5a
01:35:21.718,55aa187001f40000047e0316fd73000200090018
01:35:21.731,5a5a5a5a55aa00226535440002d0002100000001
01:35:21.737,000a04185a5a5a5a
01:35:21.943,55aa187001e80000047f0190fd78000200090018
01:35:21.945,5a5a5a5a55aa00226536440002d0002100000001
01:35:21.951,000a04185a5a5a5a
01:35:22.138,55aa187001de0000048000d2fd73000200090018
01:35:22.140,5a5a5a5a55aa00226537440002d0002100000001
01:35:22.145,000a04185a5a5a5a
01:35:22.334,55aa187801e6000004810000fd74000200090018
01:35:22.336,5a5a5a5a55aa00226538440002d0002100000001
01:35:22.346,000a04185a5a5a5a
01:35:22.543,55aa187801df000004820014fd72000200090018
01:35:22.545,5a5a5a5a55aa00226539440002d0002100000001
01:35:22.555,000a04185a5a5a5a
01:35:22.736,55aa188001e000000483fc0efd71000200090018
01:35:22.753,5a5a5a5a55aa0022653a440002d0002100000001
01:35:22.759,000a04185a5a5a5a
01:35:22.948,55aa188801bc00000484fe0cfd73000200090018
01:35:22.950,5a5a5a5a55aa0022653b440002d0002100000001
01:35:22.961,000a04185a5a5a5a
01:35:23.158,55aa189001a600000485fc68fd71000200090018
01:35:23.160,5a5a5a5a55aa0022653c440002d0002100000001
01:35:23.166,000a04185a5a5a5a
01:35:23.352,55aa189801a600000486fdeefd75000200090018
01:35:23.355,5a5a5a5a55aa0022653d440002d0002100000001
01:35:23.366,000a04185a5a5a5a
01:35:23.564,55aa18a0017600000487fb0afd73000200090018
01:35:23.566,5a5a5a5a55aa0022653e440002d0002100000001
01:35:23.591,000a04185a5a5a5a
01:35:23.759,55aa18a0016400000487fd4efd79000200090018
01:35:23.773,5a5a5a5a55aa0022653e440002d0002100000001
01:35:23.780,000a04185a5a5a5a
01:35:23.969,55aa18a8015800000488fc36fd79000200090018
01:35:23.971,5a5a5a5a55aa0022653f440002d0002100000001
01:35:23.983,000a04185a5a5a5a
01:35:24.179,55aa18a8014a00000489fddafd7a000200090018
01:35:24.193,5a5a5a5a55aa00226540440002d0002100000001
01:35:24.199,000a04185a5a5a5a
01:35:24.389,55aa18b0013d00000489ff38fd79000200090018
01:35:24.392,5a5a5a5a55aa00226540440002d0002100000001
01:35:24.398,000a04185a5a5a5a
01:35:24.584,55aa18b001270000048a0000fd76000200090018
01:35:24.586,5a5a5a5a55aa00226541440002d0002100000001
01:35:24.597,000a04185a5a5a5a
01:35:24.779,55aa18b001300000048b005afd78000200090018
01:35:24.793,5a5a5a5a55aa00226542440002d0002100000001
01:35:24.800,000a04185a5a5a5a
01:35:24.989,55aa18b001260000048bfc86fd7f000200090018
01:35:24.991,5a5a5a5a55aa00226542440002d0002100000001
01:35:25.003,000a04185a5a5a5a
01:35:25.199,55aa18b001250000048cff60fd7d000200090018
01:35:25.202,5a5a5a5a55aa00226543440002d0002100000001
01:35:25.207,000a04185a5a5a5a
01:35:25.395,55aa18b0010f0000048cffecfd82000200090018
01:35:25.397,5a5a5a5a55aa00226543440002d0002100000001
01:35:25.425,000a04185a5a5a5a
01:35:25.604,55aa18b001170000048dfedefd7d000200090018
01:35:25.607,5a5a5a5a55aa00226544440002d0002100000001
01:35:25.617,000a04185a5a5a5a
01:35:25.813,55aa18b000c30000048d012cfd82000200090018
01:35:25.816,5a5a5a5a55aa00226544440002d0002100000001
01:35:25.827,000a04185a5a5a5a
01:35:26.010,55aa18b000c50000048e08b6fd83000200090018
01:35:26.012,5a5a5a5a55aa00226545440002d0002100000001
01:35:26.022,000a04185a5a5a5a
01:35:26.205,55aa18a800e60000048e07dafd84000200090018
01:35:26.219,5a5a5a5a55aa00226545440002d0002100000001
01:35:26.225,000a04185a5a5a5a
01:35:26.415,55aa189801090000048f0e1afd81000200090018
01:35:26.417,5a5a5a5a55aa00226546440002d0002100000001
01:35:26.427,000a04185a5a5a5a
01:35:26.624,55aa1888015c0000048f082afd84000200090018
01:35:26.627,5a5a5a5a55aa00226546440002d0002100000001
01:35:26.642,000a04185a5a5a5a
01:35:26.818,55aa18800162000004900046fd87000200090018
01:35:26.820,5a5a5a5a55aa00226547440002d0002100000001
01:35:26.832,000a04185a5a5a5a
01:35:27.030,55aa18880136000004910096fd81000200090018
01:35:27.032,5a5a5a5a55aa00226548440002d0002100000001
01:35:27.044,000a04185a5a5a5a
01:35:27.256,55aa1888013200000491032afd86000200090018
01:35:27.258,5a5a5a5a55aa00226548440002d0002100000001
01:35:27.264,000a04185a5a5a5a
01:35:27.435,55aa1888013500000492049cfd82000200090018
01:35:27.438,5a5a5a5a55aa00226549440002d0002100000001
01:35:27.447,000a04185a5a5a5a
01:35:27.644,55aa1880013f00000493056efd84000200090018
01:35:27.646,5a5a5a5a55aa0022654a440002d0002100000001
01:35:27.658,000a04185a5a5a5a
01:35:27.840,55aa18800153000004930690fd87000200090018
01:35:27.843,5a5a5a5a55aa0022654a440002d0002100000001
01:35:27.852,000a04185a5a5a5a
01:35:28.049,55aa188001750000049405a0fd8c000200090018
01:35:28.051,5a5a5a5a55aa0022654b440002d0002100000001
01:35:28.062,000a04185a5a5a5a
01:35:28.245,55aa1878016400000495044cfd8b000200090018
01:35:28.260,5a5a5a5a55aa0022654c440002d0002100000001
01:35:28.266,000a04185a5a5a5a
01:35:28.455,55aa1878017d0000049602d0fd8b000200090018
01:35:28.459,5a5a5a5a55aa0022654d440002d0002100000001
01:35:28.468,000a04185a5a5a5a
01:35:28.665,55aa1880018900000496fe52fd87000200090018
01:35:28.667,5a5a5a5a55aa0022654d440002d0002100000001
01:35:28.679,000a04185a5a5a5a
01:35:28.860,55aa1888016300000497fb00fd86000200090018
01:35:28.863,5a5a5a5a55aa0022654e440002d0002100000001
01:35:28.878,000a04185a5a5a5a
01:35:29.070,55aa1890013a00000498fd08fd89000200090018
01:35:29.072,5a5a5a5a55aa0022654f440002d0002100000001
01:35:29.082,000a04185a5a5a5a
01:35:29.265,55aa1890013600000498fe52fd89000200090018
01:35:29.280,5a5a5a5a55aa0022654f440002d0002100000001
01:35:29.286,000a04185a5a5a5a
01:35:29.474,55aa1898012c00000499fd94fd8f000200090018
01:35:29.477,5a5a5a5a55aa00226550440002d0002100000001
01:35:29.487,000a04185a5a5a5a
01:35:29.684,55aa1898012e0000049afd3afd90000200090018
01:35:29.686,5a5a5a5a55aa00226551440002d0002100000001
01:35:29.692,000a04185a5a5a5a
01:35:29.881,55aa18a0011b0000049afa92fd90000200090018
01:35:29.883,5a5a5a5a55aa00226551440002d0002100000001
01:35:29.893,000a04185a5a5a5a
01:35:30.091,55aa18a801040000049bf948fd8b000200090018
01:35:30.093,5a5a5a5a55aa00226552440002d0002100000001
01:35:30.103,000a04185a5a5a5a
01:35:30.286,55aa18a800ec0000049bfb8cfd96000200090018
01:35:30.298,5a5a5a5a55aa00226552440002d0002100000001
01:35:30.304,000a04185a5a5a5a
01:35:30.496,55aa18a800d00000049c0032fd92000200090018
01:35:30.498,5a5a5a5a55aa00226553440002d0002100000001
01:35:30.509,000a04185a5a5a5a
01:35:30.706,55aa18b000d90000049cfdd0fd91000200090018
01:35:30.708,5a5a5a5a55aa00226553440002d0002100000001
01:35:30.713,000a04185a5a5a5a
01:35:30.901,55aa18b000bb0000049df9a2fd9a000200090018
01:35:30.903,5a5a5a5a55aa00226554440002d0002100000001
01:35:30.913,000a04185a5a5a5a
01:35:31.111,55aa18b0009c0000049df934fd9b000200090018
01:35:31.113,5a5a5a5a55aa00226554440002d0002100000001
01:35:31.124,000a04185a5a5a5a
01:35:31.306,55aa18b000710000049df79afd99000200090018
01:35:31.321,5a5a5a5a55aa00226554440002d0002100000001
01:35:31.326,000a04185a5a5a5a
01:35:31.515,55aa18b000450000049dfb8cfd9c000200090018
01:35:31.518,5a5a5a5a55aa00226554440002d0002100000001
01:35:31.529,000a04185a5a5a5a
01:35:31.726,55aa18b000440000049dfc90fd9a000200090018
01:35:31.729,5a5a5a5a55aa00226554440002d0002100000001
01:35:31.734,000a04185a5a5a5a
01:35:31.919,55aa18b0003e0000049efcf4fd97000200090018
01:35:31.921,5a5a5a5a55aa00226555440002d0002100000001
01:35:31.934,000a04185a5a5a5a
01:35:32.131,55aa18b000150000049efd94fd9b000200090018
01:35:32.134,5a5a5a5a55aa00226555440002d0002100000001
01:35:32.144,000a04185a5a5a5a
01:35:32.327,55aa18b000000000049effbafd9c000200090018
01:35:32.341,5a5a5a5a55aa00226555440002d0002100000001
01:35:32.347,000a04185a5a5a5a
01:35:32.537,55aa18b0001d0000049eff06fd9d000200090018
01:35:32.539,5a5a5a5a55aa00226555440002d0002100000001
01:35:32.549,000a04185a5a5a5a
01:35:32.732,55aa18b800000000049effbafd97000200090018
01:35:32.746,5a5a5a5a55aa00226555440002cf002100000001
01:35:32.751,000a04185a5a5a5a
01:35:32.941,55aa18b800190000049e006efd99000200090018
01:35:32.943,5a5a5a5a55aa00226555440002d0002100000001
01:35:32.953,000a04185a5a5a5a
01:35:33.152,55aa18b800170000049eff56fd9b000200090018
01:35:33.154,5a5a5a5a55aa00226555440002d0002100000001
01:35:33.165,000a04185a5a5a5a
01:35:33.346,55aa18b800000000049effcefd9d000200090018
01:35:33.360,5a5a5a5a55aa00226555440002d0002100000001
01:35:33.366,000a04185a5a5a5a
01:35:33.557,55aa18b800000000049effb0fd9d000200090018
01:35:33.559,5a5a5a5a55aa00226555440002d0002100000001
01:35:33.569,000a04185a5a5a5a
01:35:33.751,55aa18b800000000049effa6fda1000200090018
01:35:33.767,5a5a5a5a55aa00226555440002cf002100000001
01:35:33.772,000a04185a5a5a5a
01:35:33.961,55aa18b800000000049eff74fda6000200090018
01:35:33.963,5a5a5a5a55aa00226555440002cf002100000001
01:35:33.975,000a04185a5a5a5a
01:35:34.170,55aa18b800000000049effb0fda0000200090018
01:35:34.172,5a5a5a5a55aa00226555440002d0002100000001
01:35:34.177,000a04185a5a5a5a
01:35:34.367,55aa18b800000000049effbafda5000200090018
01:35:34.370,5a5a5a5a55aa00226555440002d0002100000001
01:35:34.382,000a04185a5a5a5a
01:35:34.575,55aa18b800000000049eff88fda6000200090018
01:35:34.577,5a5a5a5a55aa00226555440002d0002100000001
01:35:34.591,000a04185a5a5a5a
01:35:34.786,55aa18b800000000049eff92fda4000200090018
01:35:34.789,5a5a5a5a55aa00226555440002cf002100000001
01:35:34.794,000a04185a5a5a5a
01:35:34.982,55aa18b800000000049effb0fda3000200090018
01:35:34.984,5a5a5a5a55aa00226555440002cf002100000001
01:35:34.995,000a04185a5a5a5a
01:35:35.192,55aa18b800000000049eff56fda8000200090018
01:35:35.195,5a5a5a5a55aa00226555440002cf002100000001
01:35:35.200,000a04185a5a5a5a
01:35:35.388,55aa18b800000000049effcefda8000200090018
01:35:35.390,5a5a5a5a55aa00226555440002cf002100000001
01:35:35.400,000a04185a5a5a5a
01:35:35.598,55aa18b800000000049e0000fda9000200090018
01:35:35.600,5a5a5a5a55aa00226555440002d0002100000001
01:35:35.612,000a04185a5a5a5a
01:35:35.792,55aa18b800000000049e0046fdad000200090018
01:35:35.807,5a5a5a5a55aa00226555440002cf002100000001
01:35:35.813,000a04185a5a5a5a
01:35:36.002,55aa18b8001c0000049e0032fdb0000200090018
01:35:36.006,5a5a5a5a55aa00226555440002d0002100000001
01:35:36.015,000a04185a5a5a5a
01:35:36.256,55aa18b800190000049e0028fdae000200090018
01:35:36.258,5a5a5a5a55aa00226555440002d0002100000001
01:35:36.263,000a04185a5a5a5a
01:35:36.408,55aa18b8ffec0000049effd8fdad000200090018
01:35:36.410,5a5a5a5a55aa00226555440002d0002100000001
01:35:36.422,000a04185a5a5a5a
01:35:36.618,55aa18b8fff40000049effe2fdb1000200090018
01:35:36.620,5a5a5a5a55aa00226555440002d0002100000001
01:35:36.631,000a04185a5a5a5a
01:35:36.813,55aa18b8000f0000049e0032fdb6000200090018
01:35:36.828,5a5a5a5a55aa00226555440002d0002100000001
01:35:36.834,000a04185a5a5a5a
01:35:37.023,55aa18b800010000049e003cfdbb000200090018
01:35:37.026,5a5a5a5a55aa00226555440002d0002100000001
01:35:37.036,000a04185a5a5a5a
01:35:37.231,55aa18b800000000049effcefdb8000200090018
01:35:37.234,5a5a5a5a55aa00226555440002d0002100000001
01:35:37.239,000a04185a5a5a5a
01:35:37.428,55aa18b800000000049effbafdba000200090018
01:35:37.431,5a5a5a5a55aa00226555440002d0002100000001
01:35:37.441,000a04185a5a5a5a
01:35:37.638,55aa18b8fffd0000049effe2fdb9000200090018
01:35:37.641,5a5a5a5a55aa00226555440002d0002100000001
01:35:37.651,000a04185a5a5a5a
01:35:37.834,55aa18b8fffd0000049effcefdbd000200090018
01:35:37.848,5a5a5a5a55aa00226555440002d0002100000001
01:35:37.854,000a04185a5a5a5a
01:35:38.043,55aa18b800000000049e0028fdbb000200090018
01:35:38.046,5a5a5a5a55aa00226555440002d0002100000001
01:35:38.058,000a04185a5a5a5a
01:35:38.254,55aa18b800070000049e0028fdc1000200090018
01:35:38.256,5a5a5a5a55aa00226555440002d0002100000001
01:35:38.261,000a04185a5a5a5a
01:35:38.447,55aa18b800060000049e003cfdc1000200090018
01:35:38.449,5a5a5a5a55aa00226555440002d0002100000001
01:35:38.461,000a04185a5a5a5a
01:35:38.660,55aa18b800010000049e0046fdc1000200090018
01:35:38.662,5a5a5a5a55aa00226555440002d0002100000001
01:35:38.671,000a04185a5a5a5a
01:35:38.853,55aa18b8000f0000049e0032fdc1000200090018
01:35:38.867,5a5a5a5a55aa00226555440002d0002100000001
01:35:38.874,000a04185a5a5a5a
01:35:39.062,55aa18b8ffff0000049effcefdc2000200090018
01:35:39.065,5a5a5a5a55aa00226555440002d0002100000001
01:35:39.077,000a04185a5a5a5a
01:35:39.273,55aa18b8fff60000049effe2fdc7000200090018
01:35:39.276,5a5a5a5a55aa00226555440002d0002100000001
01:35:39.281,000a04185a5a5a5a
01:35:39.469,55aa18b8ffe40000049effcefdcd000200090018
01:35:39.471,5a5a5a5a55aa00226555440002d0002100000001
01:35:39.481,000a04185a5a5a5a
01:35:39.678,55aa18b800040000049e001efdca000200090018
01:35:39.680,5a5a5a5a55aa00226555440002d0002100000001
01:35:39.692,000a04185a5a5a5a
01:35:39.871,55aa18b800080000049e000afdcc000200090018
01:35:39.874,5a5a5a5a55aa00226555440002d0002100000001
01:35:39.885,000a04185a5a5a5a
01:35:40.084,55aa18b8ffff0000049effd8fdcd000200090018
01:35:40.086,5a5a5a5a55aa00226555440002d0002100000001
01:35:40.097,000a04185a5a5a5a
01:35:40.294,55aa18b8ffff0000049effe2fdce000200090018
01:35:40.296,5a5a5a5a55aa00226555440002d0002100000001
01:35:40.301,000a04185a5a5a5a
01:35:40.488,55aa18c0fffb0000049effbafdce000200090018
01:35:40.491,5a5a5a5a55aa00226555440002d0002100000001
01:35:40.504,000a04185a5a5a5a
01:35:40.698,55aa18c000000000049e0028fdd4000200090018
01:35:40.700,5a5a5a5a55aa00226555440002d0002100000001
01:35:40.713,000a04185a5a5a5a
01:35:40.894,55aa18c000010000049e0028fdd4000200090018
01:35:40.896,5a5a5a5a55aa00226555440002d0002100000001
01:35:40.907,000a04185a5a5a5a
01:35:41.104,55aa18c0fff50000049e0032fdd0000200090018
01:35:41.106,5a5a5a5a55aa00226555440002d0002100000001
01:35:41.118,000a04185a5a5a5a
01:35:41.300,55aa18c000030000049e001efdd5000200090018
01:35:41.315,5a5a5a5a55aa00226555440002d0002100000001
01:35:41.320,000a04185a5a5a5a
01:35:41.510,55aa18c0fff00000049effcefdd7000200090018
01:35:41.512,5a5a5a5a55aa00226555440002d0002100000001
01:35:41.523,000a04185a5a5a5a
01:35:41.719,55aa18c000000000049effc4fddc000200090018
01:35:41.722,5a5a5a5a55aa00226555440002d0002100000001
01:35:41.732,000a04185a5a5a5a
01:35:41.915,55aa18c000000000049effe2fdde000200090018
01:35:41.918,5a5a5a5a55aa00226555440002d0002100000001
01:35:41.927,000a04185a5a5a5a
01:35:42.125,55aa18c000000000049effc4fdde000200090018
01:35:42.127,5a5a5a5a55aa00226555440002d0002100000001
01:35:42.137,000a04185a5a5a5a
01:35:42.320,55aa18c0fffb0000049e0014fde0000200090018
01:35:42.334,5a5a5a5a55aa00226555440002d0002100000001
01:35:42.340,000a04185a5a5a5a
01:35:42.530,55aa18c000000000049e0014fde0000200090018
01:35:42.532,5a5a5a5a55aa00226555440002d0002100000001
01:35:42.543,000a04185a5a5a5a
01:35:42.740,55aa18c0001b0000049e0046fde1000200090018
01:35:42.742,5a5a5a5a55aa00226555440002d0002100000001
01:35:42.753,000a04185a5a5a5a
01:35:42.935,55aa18c000000000049e001efde3000200090018
01:35:42.937,5a5a5a5a55aa00226555440002d0002100000001
01:35:42.947,000a04185a5a5a5a
01:35:43.145,55aa18c000000000049e000afde6000200090018
01:35:43.148,5a5a5a5a55aa00226555440002d0002100000001
01:35:43.158,000a04185a5a5a5a
01:35:43.340,55aa18c000020000049e001efde6000200090018
01:35:43.354,5a5a5a5a55aa00226555440002d0002100000001
01:35:43.359,000a04185a5a5a5a
01:35:43.551,55aa18c0000c0000049e0032fde8000200090018
01:35:43.553,5a5a5a5a55aa00226555440002d0002100000001
01:35:43.563,000a04185a5a5a5a
01:35:43.760,55aa18c0fff00000049effecfdee000200090018
01:35:43.763,5a5a5a5a55aa00226555440002d0002100000001
01:35:43.768,000a04185a5a5a5a
01:35:43.956,55aa18c0fff10000049effd8fdea000200090018
01:35:43.958,5a5a5a5a55aa00226555440002d0002100000001
01:35:43.970,000a04185a5a5a5a
01:35:44.164,55aa18c000000000049effe2fdf2000200090018
01:35:44.166,5a5a5a5a55aa00226555440002d0002100000001
01:35:44.178,000a04185a5a5a5a
01:35:44.359,55aa18c000190000049e001efdf9000200090018
01:35:44.375,5a5a5a5a55aa00226555440002d0002100000001
01:35:44.382,000a04185a5a5a5a
01:35:44.569,55aa18c0fffd0000049fffbafdf9000200090018
01:35:44.571,5a5a5a5a55aa00226556440002d0002100000001
01:35:44.586,000a04185a5a5a5a
01:35:44.781,55aa18c0fff70000049fffecfdfa000200090018
01:35:44.783,5a5a5a5a55aa00226556440002d0002100000001
01:35:44.789,000a04185a5a5a5a
01:35:44.976,55aa18c000080000049f0028fdf9000200090018
01:35:44.979,5a5a5a5a55aa00226556440002d0002100000001
01:35:44.989,000a04185a5a5a5a
01:35:45.185,55aa18c0fff90000049fffc4fdfa000200090018
01:35:45.187,5a5a5a5a55aa00226556440002d0002100000001
01:35:45.200,000a04185a5a5a5a
01:35:45.381,55aa18c0fff10000049fffcefdfd000200090018
01:35:45.395,5a5a5a5a55aa00226556440002d0002100000001
01:35:45.401,000a04185a5a5a5a
01:35:45.590,55aa18c000000000049fffc4fe00000200090018
01:35:45.592,5a5a5a5a55aa00226556440002d0002100000001
01:35:45.605,000a04185a5a5a5a
01:35:45.801,55aa18c0fffb0000049fffe2fdfe000200090018
01:35:45.803,5a5a5a5a55aa00226556440002d0002100000001
01:35:45.809,000a04185a5a5a5a
01:35:45.996,55aa18c0ffe90000049fffd8fe04000200090018
01:35:45.998,5a5a5a5a55aa00226556440002d0002100000001
01:35:46.009,000a04185a5a5a5a
01:35:46.206,55aa18c000000000049fffbafe05000200090018
01:35:46.209,5a5a5a5a55aa00226556440002d0002100000001
01:35:46.219,000a04185a5a5a5a
01:35:46.402,55aa18c0ffe40000049fffbafe03000200090018
01:35:46.416,5a5a5a5a55aa00226556440002d0002100000001
01:35:46.422,000a04185a5a5a5a
01:35:46.611,55aa18c000000000049fffe2fe05000200090018
01:35:46.614,5a5a5a5a55aa00226556440002d0002100000001
01:35:46.624,000a04185a5a5a5a
01:35:46.821,55aa18c0fff90000049fffcefe0b000200090018
01:35:46.823,5a5a5a5a55aa00226556440002d0002100000001
01:35:46.828,000a04185a5a5a5a
01:35:47.014,55aa18c0ffec0000049fffb0fe09000200090018
01:35:47.016,5a5a5a5a55aa00226556440002d0002100000001
01:35:47.029,000a04185a5a5a5a
01:35:47.227,55aa18c000000000049fffbafe0f000200090018
01:35:47.229,5a5a5a5a55aa00226556440002d0002100000001
01:35:47.240,000a04185a5a5a5a
01:35:47.422,55aa18c000000000049f0000fe11000200090018
01:35:47.434,5a5a5a5a55aa00226556440002d0002100000001
01:35:47.439,000a04185a5a5a5a
01:35:47.630,55aa18c000000000049f003cfe13000200090018
01:35:47.633,5a5a5a5a55aa00226556440002d0002100000001
01:35:47.645,000a04185a5a5a5a
01:35:47.825,55aa18c0ffe70000049fffcefe14000200090018
01:35:47.841,5a5a5a5a55aa00226556440002cf002100000001
01:35:47.847,000a04185a5a5a5a
01:35:48.037,55aa18c000000000049fffc4fe15000200090018
01:35:48.039,5a5a5a5a55aa00226556440002d0002100000001
01:35:48.050,000a04185a5a5a5a
01:35:48.247,55aa18c000000000049fffd8fe15000200090018
01:35:48.259,5a5a5a5a55aa00226556440002d0002100000001
01:35:48.265,000a04185a5a5a5a
01:35:48.442,55aa18c000000000049fffecfe17000200090018
01:35:48.457,5a5a5a5a55aa00226556440002d0002100000001
01:35:48.462,000a04185a5a5a5a
01:35:48.652,55aa18c000130000049f0028fe1c000200090018
01:35:48.654,5a5a5a5a55aa00226556440002d0002100000001
01:35:48.665,000a04185a5a5a5a
01:35:48.848,55aa18c000120000049f001efe20000200090018
01:35:48.862,5a5a5a5a55aa00226556440002cf002100000001
01:35:48.868,000a04185a5a5a5a
01:35:49.057,55aa18c0fff00000049fffe2fe1d000200090018
01:35:49.059,5a5a5a5a55aa00226556440002d0002100000001
01:35:49.070,000a04185a5a5a5a
01:35:49.267,55aa18c0fffb0000049fffecfe22000200090018
01:35:49.269,5a5a5a5a55aa00226556440002d0002100000001
01:35:49.280,000a04185a5a5a5a
01:35:49.462,55aa18c000000000049fffcefe22000200090018
01:35:49.465,5a5a5a5a55aa00226556440002d0002100000001
01:35:49.477,000a04185a5a5a5a
01:35:49.673,55aa18c0fff60000049fffcefe28000200090018
01:35:49.675,5a5a5a5a55aa00226556440002d0002100000001
01:35:49.685,000a04185a5a5a5a
01:35:49.868,55aa18c000120000049f0014fe28000200090018
01:35:49.882,5a5a5a5a55aa00226556440002cf002100000001
01:35:49.888,000a04185a5a5a5a
