01:32:40.156,55aa187802310000015efe48fa7c000200090018
01:32:40.159,5a5a5a5a55aa00226215440002d0002100000001
01:32:40.173,000a04185a5a5a5a
01:32:40.367,55aa188002190000015f0032fa77000200090018
01:32:40.369,5a5a5a5a55aa00226216440002d0002100000001
01:32:40.379,000a04185a5a5a5a
01:32:40.562,55aa188802140000016000dcfa77000200090018
01:32:40.578,5a5a5a5a55aa00226217440002d0002100000001
01:32:40.595,000a04185a5a5a5a
01:32:40.770,55aa1890021b00000161012cfa78000200090018
01:32:40.772,5a5a5a5a55aa00226218440002d0002100000001
01:32:40.786,000a04185a5a5a5a
01:32:40.982,55aa18900214000001620212fa7f000200090018
01:32:40.984,5a5a5a5a55aa00226219440002d0002100000001
01:32:41.011,000a04185a5a5a5a
01:32:41.178,55aa1898022c00000163021cfa7c000200090018
01:32:41.180,5a5a5a5a55aa0022621a440002d0002100000001
01:32:41.191,000a04185a5a5a5a
01:32:41.388,55aa1898021600000165fd1cfa7f000200090018
01:32:41.390,5a5a5a5a55aa0022621c440002d0002100000001
01:32:41.415,000a04185a5a5a5a
01:32:41.583,55aa18a801fd00000166fbd2fa7f000200090018
01:32:41.596,5a5a5a5a55aa0022621d440002d0002100000001
01:32:41.599,000a04185a5a5a5a
01:32:41.793,55aa18b001e800000167fc36fa82000200090018
01:32:41.795,5a5a5a5a55aa0022621e440002d0002100000001
01:32:41.805,000a04185a5a5a5a
01:32:42.003,55aa18b801cb00000168faecfa82000200090018
01:32:42.005,5a5a5a5a55aa0022621f440002d0002100000001
01:32:42.010,000a04185a5a5a5a
01:32:42.198,55aa18c801a600000168ffe2fa82000200090018
01:32:42.199,5a5a5a5a55aa0022621f440002d0002100000001
01:32:42.211,000a04185a5a5a5a
01:32:42.408,55aa18c801b000000169fb00fa82000200090018
01:32:42.410,5a5a5a5a55aa00226220440002d0002100000001
01:32:42.421,000a04185a5a5a5a
01:32:42.603,55aa18d0018b0000016afe34fa80000200090018
01:32:42.616,5a5a5a5a55aa00226221440002d0002100000001
01:32:42.622,000a04185a5a5a5a
01:32:42.814,55aa18d801760000016bfc0efa84000200090018
01:32:42.828,5a5a5a5a55aa00226222440002d0002100000001
01:32:42.834,000a04185a5a5a5a
01:32:43.022,55aa18e0016b0000016cff1afa88000200090018
01:32:43.024,5a5a5a5a55aa00226223440002d0002100000001
01:32:43.029,000a04185a5a5a5a
01:32:43.219,55aa18e001650000016c000afa8b000200090018
01:32:43.221,5a5a5a5a55aa00226223440002d0002100000001
01:32:43.231,000a04185a5a5a5a
01:32:43.428,55aa18e001680000016d010efa8a000200090018
01:32:43.430,5a5a5a5a55aa00226224440002d0002100000001
01:32:43.441,000a04185a5a5a5a
01:32:43.624,55aa18d801620000016e0212fa87000200090018
01:32:43.651,5a5a5a5a55aa00226225440002d0002100000001
01:32:43.657,000a04185a5a5a5a
01:32:43.834,55aa18d801610000016f04cefa8e000200090018
01:32:43.836,5a5a5a5a55aa00226226440002d0002100000001
01:32:43.846,000a04185a5a5a5a
01:32:44.059,55aa18c801610000016f0a00fa8e000200090018
01:32:44.061,5a5a5a5a55aa00226226440002d0002100000001
01:32:44.067,000a04185a5a5a5a
01:32:44.269,55aa18c001660000017008a2fa8c000200090018
01:32:44.271,5a5a5a5a55aa00226227440002d0002100000001
01:32:44.276,000a04185a5a5a5a
01:32:44.449,55aa18b0018e000001710f32fa8c000200090018
01:32:44.452,5a5a5a5a55aa00226228440002d0002100000001
01:32:44.479,000a04185a5a5a5a
01:32:44.644,55aa189801b0000001720da2fa93000200090018
01:32:44.659,5a5a5a5a55aa00226229440002d0002100000001
01:32:44.665,000a04185a5a5a5a
01:32:44.854,55aa188001bb000001730da2fa8f000200090018
01:32:44.857,5a5a5a5a55aa0022622a440002d0002100000001
01:32:44.866,000a04185a5a5a5a
01:32:45.079,55aa186801e5000001740fe6fa8d000200090018
01:32:45.081,5a5a5a5a55aa0022622b440002d0002100000001
01:32:45.094,000a04185a5a5a5a
01:32:45.259,55aa185801fc000001750b7cfa8e000200090018
01:32:45.262,5a5a5a5a55aa0022622c440002d0002100000001
01:32:45.287,000a04185a5a5a5a
01:32:45.469,55aa1848021300000176094cfa92000200090018
01:32:45.472,5a5a5a5a55aa0022622d440002d0002100000001
01:32:45.482,000a04185a5a5a5a
01:32:45.665,55aa18400213000001770960fa94000200090018
01:32:45.679,5a5a5a5a55aa0022622e440002d0002100000001
01:32:45.686,000a04185a5a5a5a
01:32:45.875,55aa18400214000001780a5afa98000200090018
01:32:45.878,5a5a5a5a55aa0022622f440002d0002100000001
01:32:45.887,000a04185a5a5a5a
01:32:46.085,55aa1838021f000001790672fa94000200090018
01:32:46.087,5a5a5a5a55aa00226230440002d0002100000001
01:32:46.095,000a04185a5a5a5a
01:32:46.279,55aa183802370000017a0640fa95000200090018
01:32:46.281,5a5a5a5a55aa00226231440002d0002100000001
01:32:46.293,000a04185a5a5a5a
01:32:46.489,55aa183802330000017b0456fa93000200090018
01:32:46.491,5a5a5a5a55aa00226232440002d0002100000001
01:32:46.502,000a04185a5a5a5a
01:32:46.685,55aa1840022a0000017c064afa96000200090018
01:32:46.687,5a5a5a5a55aa00226233440002d0002100000001
01:32:46.697,000a04185a5a5a5a
01:32:46.895,55aa1838022e0000017e08defa99000200090018
01:32:46.897,5a5a5a5a55aa00226235440002d0002100000001
01:32:46.910,000a04185a5a5a5a
01:32:47.104,55aa183802400000017f087afa9a000200090018
01:32:47.107,5a5a5a5a55aa00226236440002d0002100000001
01:32:47.112,000a04185a5a5a5a
01:32:47.300,55aa1830025c000001800690fa97000200090018
01:32:47.302,5a5a5a5a55aa00226237440002d0002100000001
01:32:47.313,000a04185a5a5a5a
01:32:47.509,55aa183002600000018107d0fa96000200090018
01:32:47.511,5a5a5a5a55aa00226238440002d0002100000001
01:32:47.522,000a04185a5a5a5a
01:32:47.706,55aa1830024c000001820802fa9c000200090018
01:32:47.720,5a5a5a5a55aa00226239440002d0002100000001
01:32:47.728,000a04185a5a5a5a
01:32:47.915,55aa18300251000001840528fa9f000200090018
01:32:47.917,5a5a5a5a55aa0022623b440002d0002100000001
01:32:47.928,000a04185a5a5a5a
01:32:48.125,55aa1838026a000001850582fa9d000200090018
01:32:48.127,5a5a5a5a55aa0022623c440002d0002100000001
01:32:48.132,000a04185a5a5a5a
01:32:48.318,55aa1838026c0000018600c8faa0000200090018
01:32:48.321,5a5a5a5a55aa0022623d440002d0002100000001
01:32:48.333,000a04185a5a5a5a
01:32:48.530,55aa1838026c000001870578faa0000200090018
01:32:48.533,5a5a5a5a55aa0022623e440002d0002100000001
01:32:48.570,000a04185a5a5a5a
01:32:48.725,55aa1840026c000001890118faa0000200090018
01:32:48.739,5a5a5a5a55aa00226240440002d0002100000001
01:32:48.743,000a04185a5a5a5a
01:32:48.935,55aa1848025a0000018a035cfaa0000200090018
01:32:48.937,5a5a5a5a55aa00226241440002d0002100000001
01:32:48.947,000a04185a5a5a5a
01:32:49.131,55aa1848026b0000018b0280faa3000200090018
01:32:49.145,5a5a5a5a55aa00226242440002d0002100000001
01:32:49.152,000a04185a5a5a5a
01:32:49.341,55aa185002500000018c03c0faa7000200090018
01:32:49.343,5a5a5a5a55aa00226243440002d0002100000001
01:32:49.370,000a04185a5a5a5a
01:32:49.551,55aa184802610000018e088efaa8000200090018
01:32:49.581,5a5a5a5a55aa00226245440002d0002100000001
01:32:49.587,000a04185a5a5a5a
01:32:49.745,55aa184002850000018f0726faa6000200090018
01:32:49.747,5a5a5a5a55aa00226246440002d0002100000001
01:32:49.827,000a04185a5a5a5a
01:32:49.956,55aa18400281000001900564faa9000200090018
01:32:49.957,5a5a5a5a55aa00226247440002d0002100000001
01:32:49.970,000a04185a5a5a5a
01:32:50.151,55aa184002850000019101eafaaa000200090018
01:32:50.166,5a5a5a5a55aa00226248440002d0002100000001
01:32:50.169,000a04185a5a5a5a
01:32:50.360,55aa1848026e0000019303fcfaac000200090018
01:32:50.362,5a5a5a5a55aa0022624a440002d0002100000001
01:32:50.375,000a04185a5a5a5a
01:32:50.571,55aa184802840000019404a6faac000200090018
01:32:50.573,5a5a5a5a55aa0022624b440002d0002100000001
01:32:50.577,000a04185a5a5a5a
01:32:50.766,55aa1850028900000195042efab0000200090018
01:32:50.768,5a5a5a5a55aa0022624c440002d0002100000001
01:32:50.779,000a04185a5a5a5a
01:32:50.977,55aa185002710000019701a4fab0000200090018
01:32:50.979,5a5a5a5a55aa0022624e440002d0002100000001
01:32:50.991,000a04185a5a5a5a
01:32:51.171,55aa1858026d0000019802bcfab1000200090018
01:32:51.187,5a5a5a5a55aa0022624f440002d0002100000001
01:32:51.193,000a04185a5a5a5a
01:32:51.382,55aa18600252000001990410faaf000200090018
01:32:51.383,5a5a5a5a55aa00226250440002d0002100000001
01:32:51.409,000a04185a5a5a5a
01:32:51.592,55aa1860026c0000019a03defaae000200090018
01:32:51.594,5a5a5a5a55aa00226251440002d0002100000001
01:32:51.600,000a04185a5a5a5a
01:32:51.787,55aa1858026c0000019c0618fab0000200090018
01:32:51.789,5a5a5a5a55aa00226253440002d0002100000001
01:32:51.802,000a04185a5a5a5a
01:32:51.997,55aa1858027f0000019d0686fab2000200090018
01:32:51.999,5a5a5a5a55aa00226254440002d0002100000001
01:32:52.009,000a04185a5a5a5a
01:32:52.191,55aa1858026d0000019e03cafab3000200090018
01:32:52.205,5a5a5a5a55aa00226255440002d0002100000001
01:32:52.216,000a04185a5a5a5a
01:32:52.402,55aa185002720000019f06b8fab2000200090018
01:32:52.404,5a5a5a5a55aa00226256440002d0002100000001
01:32:52.431,000a04185a5a5a5a
01:32:52.625,55aa1850027e000001a104d8fabb000200090018
01:32:52.627,5a5a5a5a55aa00226258440002d0002100000001
01:32:52.633,000a04185a5a5a5a
01:32:52.806,55aa18500279000001a2050afab6000200090018
01:32:52.809,5a5a5a5a55aa00226259440002d0002100000001
01:32:52.837,000a04185a5a5a5a
01:32:53.018,55aa1850027b000001a302bcfab5000200090018
01:32:53.029,5a5a5a5a55aa0022625a440002d0002100000001
01:32:53.035,000a04185a5a5a5a
01:32:53.211,55aa18580275000001a50334fab9000200090018
01:32:53.226,5a5a5a5a55aa0022625c440002d0002100000001
01:32:53.232,000a04185a5a5a5a
01:32:53.422,55aa18580283000001a6047efab6000200090018
01:32:53.425,5a5a5a5a55aa0022625d440002d0002100000001
01:32:53.437,000a04185a5a5a5a
01:32:53.632,55aa18580283000001a7042efabf000200090018
01:32:53.634,5a5a5a5a55aa0022625e440002d0002100000001
01:32:53.640,000a04185a5a5a5a
01:32:53.828,55aa1858027e000001a90500fabd000200090018
01:32:53.830,5a5a5a5a55aa00226260440002d0002100000001
01:32:53.840,000a04185a5a5a5a
01:32:54.037,55aa1858027e000001aa04c4fabe000200090018
01:32:54.039,5a5a5a5a55aa00226261440002d0002100000001
01:32:54.050,000a04185a5a5a5a
01:32:54.233,55aa18580294000001ab02c6fabd000200090018
01:32:54.247,5a5a5a5a55aa00226262440002d0002100000001
01:32:54.253,000a04185a5a5a5a
01:32:54.457,55aa1858028a000001ad038efabe000200090018
01:32:54.459,5a5a5a5a55aa00226264440002d0002100000001
01:32:54.464,000a04185a5a5a5a
01:32:54.652,55aa1858027b000001ae02f8fabe000200090018
01:32:54.654,5a5a5a5a55aa00226265440002d0002100000001
01:32:54.660,000a04185a5a5a5a
01:32:54.847,55aa1860027b000001af0186fac1000200090018
01:32:54.850,5a5a5a5a55aa00226266440002d0002100000001
01:32:54.860,000a04185a5a5a5a
01:32:55.058,55aa18600285000001b001c2fabe000200090018
01:32:55.060,5a5a5a5a55aa00226267440002d0002100000001
01:32:55.070,000a04185a5a5a5a
01:32:55.252,55aa18680274000001b203e8fac2000200090018
01:32:55.267,5a5a5a5a55aa00226269440002d0002100000001
01:32:55.273,000a04185a5a5a5a
01:32:55.461,55aa18680272000001b303c0fac4000200090018
01:32:55.464,5a5a5a5a55aa0022626a440002d0002100000001
01:32:55.492,000a04185a5a5a5a
01:32:55.658,55aa1868025d000001b4049cfac6000200090018
01:32:55.673,5a5a5a5a55aa0022626b440002d0002100000001
01:32:55.679,000a04185a5a5a5a
01:32:55.868,55aa1868026e000001b6017cfac5000200090018
01:32:55.870,5a5a5a5a55aa0022626d440002d0002100000001
01:32:55.880,000a04185a5a5a5a
01:32:56.078,55aa18700268000001b70398fac7000200090018
01:32:56.080,5a5a5a5a55aa0022626e440002d0002100000001
01:32:56.086,000a04185a5a5a5a
01:32:56.273,55aa18680288000001b802d0fac8000200090018
01:32:56.287,5a5a5a5a55aa0022626f440002d0002100000001
01:32:56.293,000a04185a5a5a5a
01:32:56.483,55aa1870026c000001b903cafac8000200090018
01:32:56.485,5a5a5a5a55aa00226270440002d0002100000001
01:32:56.497,000a04185a5a5a5a
01:32:56.678,55aa1870026c000001bb030cfacb000200090018
01:32:56.738,5a5a5a5a55aa00226272440002d0002100000001
01:32:56.743,000a04185a5a5a5a
01:32:56.888,55aa1870025e000001bc04bafacb000200090018
01:32:56.890,5a5a5a5a55aa00226273440002d0002100000001
01:32:56.901,000a04185a5a5a5a
01:32:57.098,55aa1870025d000001bd04b0facc000200090018
01:32:57.101,5a5a5a5a55aa00226274440002d0002100000001
01:32:57.106,000a04185a5a5a5a
01:32:57.308,55aa18680277000001be0866facc000200090018
01:32:57.311,5a5a5a5a55aa00226275440002d0002100000001
01:32:57.316,000a04185a5a5a5a
01:32:57.518,55aa1868026f000001c00140facb000200090018
01:32:57.548,5a5a5a5a55aa00226277440002d0002100000001
01:32:57.555,000a04185a5a5a5a
01:32:57.699,55aa18680284000001c10136facd000200090018
01:32:57.713,5a5a5a5a55aa00226278440002d0002100000001
01:32:57.718,000a04185a5a5a5a
01:32:57.907,55aa18700246000001c2017cface000200090018
01:32:57.910,5a5a5a5a55aa00226279440002d0002100000001
01:32:57.921,000a04185a5a5a5a
01:32:58.119,55aa18780245000001c301e0facd000200090018
01:32:58.121,5a5a5a5a55aa0022627a440002d0002100000001
01:32:58.126,000a04185a5a5a5a
01:32:58.312,55aa18780245000001c50348fad2000200090018
01:32:58.314,5a5a5a5a55aa0022627c440002d0002100000001
01:32:58.326,000a04185a5a5a5a
01:32:58.524,55aa18780251000001c6069afad4000200090018
01:32:58.526,5a5a5a5a55aa0022627d440002d0002100000001
01:32:58.536,000a04185a5a5a5a
01:32:58.719,55aa1870026a000001c7062cfad6000200090018
01:32:58.733,5a5a5a5a55aa0022627e440002d0002100000001
01:32:58.739,000a04185a5a5a5a
01:32:58.944,55aa18680259000001c80708fad4000200090018
01:32:58.946,5a5a5a5a55aa0022627f440002d0002100000001
01:32:58.952,000a04185a5a5a5a
01:32:59.139,55aa1860027c000001c90596fad5000200090018
01:32:59.141,5a5a5a5a55aa00226280440002d0002100000001
01:32:59.146,000a04185a5a5a5a
01:32:59.334,55aa1860026d000001cb0564fad9000200090018
01:32:59.336,5a5a5a5a55aa00226282440002d0002100000001
01:32:59.377,000a04185a5a5a5a
01:32:59.544,55aa18600286000001cc044cfad6000200090018
01:32:59.558,5a5a5a5a55aa00226283440002d0002100000001
01:32:59.563,000a04185a5a5a5a
01:32:59.739,55aa1860026d000001cd0442fad5000200090018
01:32:59.767,5a5a5a5a55aa00226284440002d0002100000001
01:32:59.774,000a04185a5a5a5a
01:32:59.949,55aa18580270000001cf03f2fad5000200090018
01:32:59.962,5a5a5a5a55aa00226286440002d0002100000001
01:32:59.967,000a04185a5a5a5a
01:33:00.160,55aa18580272000001d00500fad9000200090018
01:33:00.162,5a5a5a5a55aa00226287440002d0002100000001
01:33:00.167,000a04185a5a5a5a
01:33:00.354,55aa18580283000001d1047efadc000200090018
01:33:00.369,5a5a5a5a55aa00226288440002d0002100000001
01:33:00.375,000a04185a5a5a5a
01:33:00.563,55aa18580284000001d20230fada000200090018
01:33:00.565,5a5a5a5a55aa00226289440002d0002100000001
01:33:00.577,000a04185a5a5a5a
01:33:00.758,55aa18580286000001d4035cfadc000200090018
01:33:00.774,5a5a5a5a55aa0022628b440002d0002100000001
01:33:00.780,000a04185a5a5a5a
01:33:00.970,55aa1860027e000001d5014afae2000200090018
01:33:00.972,5a5a5a5a55aa0022628c440002d0002100000001
01:33:00.982,000a04185a5a5a5a
01:33:01.180,55aa1860026d000001d60456fae2000200090018
01:33:01.182,5a5a5a5a55aa0022628d440002d0002100000001
01:33:01.187,000a04185a5a5a5a
01:33:01.372,55aa18600271000001d804d8fae0000200090018
01:33:01.374,5a5a5a5a55aa0022628f440002d0002100000001
01:33:01.387,000a04185a5a5a5a
01:33:01.584,55aa18600277000001d903a2fae1000200090018
01:33:01.587,5a5a5a5a55aa00226290440002d0002100000001
01:33:01.614,000a04185a5a5a5a
01:33:01.798,55aa18600270000001da05befae4000200090018
01:33:01.803,5a5a5a5a55aa00226291440002d0002100000001
01:33:01.809,000a04185a5a5a5a
01:33:01.990,55aa18600281000001dc035cfae6000200090018
01:33:01.992,5a5a5a5a55aa00226293440002d0002100000001
01:33:02.002,000a04185a5a5a5a
01:33:02.200,55aa1860027b000001dd0366fae4000200090018
01:33:02.202,5a5a5a5a55aa00226294440002d0002100000001
01:33:02.208,000a04185a5a5a5a
01:33:02.393,55aa18600274000001de03a2fae5000200090018
01:33:02.395,5a5a5a5a55aa00226295440002d0002100000001
01:33:02.408,000a04185a5a5a5a
01:33:02.604,55aa1860027d000001df044cfae6000200090018
01:33:02.607,5a5a5a5a55aa00226296440002d0002100000001
01:33:02.620,000a04185a5a5a5a
01:33:02.813,55aa1860027b000001e105c8fae7000200090018
01:33:02.816,5a5a5a5a55aa00226298440002d0002100000001
01:33:02.821,000a04185a5a5a5a
01:33:03.010,55aa1860027f000001e20604fae9000200090018
01:33:03.013,5a5a5a5a55aa00226299440002d0002100000001
01:33:03.023,000a04185a5a5a5a
01:33:03.221,55aa18580295000001e303acfaeb000200090018
01:33:03.223,5a5a5a5a55aa0022629a440002d0002100000001
01:33:03.227,000a04185a5a5a5a
01:33:03.415,55aa18580299000001e50302faee000200090018
01:33:03.417,5a5a5a5a55aa0022629c440002d0002100000001
01:33:03.428,000a04185a5a5a5a
01:33:03.625,55aa18600281000001e602a8fae9000200090018
01:33:03.627,5a5a5a5a55aa0022629d440002d0002100000001
01:33:03.638,000a04185a5a5a5a
01:33:03.818,55aa18600291000001e70154faec000200090018
01:33:03.835,5a5a5a5a55aa0022629e440002d0002100000001
01:33:03.841,000a04185a5a5a5a
01:33:04.045,55aa18680284000001e9023afaeb000200090018
01:33:04.047,5a5a5a5a55aa002262a0440002d0002100000001
01:33:04.058,000a04185a5a5a5a
01:33:04.224,55aa18680280000001ea0186faec000200090018
01:33:04.240,5a5a5a5a55aa002262a1440002d0002100000001
01:33:04.246,000a04185a5a5a5a
01:33:04.434,55aa1870026d000001eb02e4faee000200090018
01:33:04.436,5a5a5a5a55aa002262a2440002d0002100000001
01:33:04.448,000a04185a5a5a5a
01:33:04.645,55aa1870027b000001ed03f2faf0000200090018
01:33:04.647,5a5a5a5a55aa002262a4440002d0002100000001
01:33:04.659,000a04185a5a5a5a
01:33:04.841,55aa18680271000001ee032afaf3000200090018
01:33:04.843,5a5a5a5a55aa002262a5440002d0002100000001
01:33:04.854,000a04185a5a5a5a
01:33:05.049,55aa18680277000001ef04e2faf9000200090018
01:33:05.052,5a5a5a5a55aa002262a6440002d0002100000001
01:33:05.065,000a04185a5a5a5a
01:33:05.246,55aa1868028b000001f00442fafc000200090018
01:33:05.261,5a5a5a5a55aa002262a7440002d0002100000001
01:33:05.266,000a04185a5a5a5a
01:33:05.454,55aa18600285000001f204b0faf7000200090018
01:33:05.456,5a5a5a5a55aa002262a9440002d0002100000001
01:33:05.469,000a04185a5a5a5a
01:33:05.666,55aa18600283000001f304f6fafb000200090018
01:33:05.668,5a5a5a5a55aa002262aa440002d0002100000001
01:33:05.678,000a04185a5a5a5a
01:33:05.862,55aa18600289000001f4037afaff000200090018
01:33:05.864,5a5a5a5a55aa002262ab440002d0002100000001
01:33:05.874,000a04185a5a5a5a
01:33:06.071,55aa18580297000001f60514fafd000200090018
01:33:06.074,5a5a5a5a55aa002262ad440002d0002100000001
01:33:06.101,000a04185a5a5a5a
01:33:06.266,55aa18580294000001f70334fafc000200090018
01:33:06.281,5a5a5a5a55aa002262ae440002d0002100000001
01:33:06.287,000a04185a5a5a5a
01:33:06.476,55aa1860027f000001f8038efafe000200090018
01:33:06.478,5a5a5a5a55aa002262af440002d0002100000001
01:33:06.489,000a04185a5a5a5a
01:33:06.686,55aa18580295000001fa0474fafc000200090018
01:33:06.689,5a5a5a5a55aa002262b1440002d0002100000001
01:33:06.694,000a04185a5a5a5a
01:33:06.896,55aa18580299000001fb0488fb01000200090018
01:33:06.898,5a5a5a5a55aa002262b2440002d0002100000001
01:33:06.911,000a04185a5a5a5a
01:33:07.089,55aa18580299000001fc064afb03000200090018
01:33:07.107,5a5a5a5a55aa002262b3440002d0002100000001
01:33:07.113,000a04185a5a5a5a
01:33:07.287,55aa185002a1000001fe02f8fb03000200090018
01:33:07.302,5a5a5a5a55aa002262b5440002d0002100000001
01:33:07.307,000a04185a5a5a5a
01:33:07.496,55aa185002a9000001ff02eefb05000200090018
01:33:07.499,5a5a5a5a55aa002262b6440002d0002100000001
01:33:07.511,000a04185a5a5a5a
01:33:07.707,55aa1858029b000002010348fb08000200090018
01:33:07.709,5a5a5a5a55aa002262b8440002d0002100000001
01:33:07.719,000a04185a5a5a5a
01:33:07.902,55aa185802980000020201a4fb0b000200090018
01:33:07.904,5a5a5a5a55aa002262b9440002d0002100000001
01:33:07.914,000a04185a5a5a5a
01:33:08.110,55aa18580294000002030406fb0c000200090018
01:33:08.112,5a5a5a5a55aa002262ba440002d0002100000001
01:33:08.125,000a04185a5a5a5a
01:33:08.305,55aa1858027e0000020503acfb0a000200090018
01:33:08.322,5a5a5a5a55aa002262bc440002d0002100000001
01:33:08.327,000a04185a5a5a5a
01:33:08.532,55aa185802990000020602f8fb0c000200090018
01:33:08.534,5a5a5a5a55aa002262bd440002d0002100000001
01:33:08.540,000a04185a5a5a5a
01:33:08.725,55aa18600296000002070334fb0e000200090018
01:33:08.728,5a5a5a5a55aa002262be440002d0002100000001
01:33:08.734,000a04185a5a5a5a
01:33:08.919,55aa186002900000020904c4fb10000200090018
01:33:08.921,5a5a5a5a55aa002262c0440002d0002100000001
01:33:08.935,000a04185a5a5a5a
01:33:09.132,55aa186002980000020a01aefb0f000200090018
01:33:09.134,5a5a5a5a55aa002262c1440002d0002100000001
01:33:09.146,000a04185a5a5a5a
01:33:09.325,55aa186002920000020b04bafb11000200090018
01:33:09.372,5a5a5a5a55aa002262c2440002d0002100000001
01:33:09.378,000a04185a5a5a5a
01:33:09.537,55aa186002990000020d0302fb14000200090018
01:33:09.540,5a5a5a5a55aa002262c4440002d0002100000001
01:33:09.549,000a04185a5a5a5a
01:33:09.746,55aa186002990000020e00f0fb13000200090018
01:33:09.749,5a5a5a5a55aa002262c5440002d0002100000001
01:33:09.755,000a04185a5a5a5a
01:33:09.942,55aa186002990000020f02b2fb15000200090018
01:33:09.944,5a5a5a5a55aa002262c6440002d0002100000001
01:33:09.956,000a04185a5a5a5a
01:33:10.168,55aa18600299000002110492fb17000200090018
01:33:10.170,5a5a5a5a55aa002262c8440002d0002100000001
01:33:10.175,000a04185a5a5a5a
01:33:10.349,55aa1868028f00000212003cfb1d000200090018
01:33:10.362,5a5a5a5a55aa002262c9440002d0002100000001
01:33:10.368,000a04185a5a5a5a
01:33:10.558,55aa18680277000002130302fb18000200090018
01:33:10.560,5a5a5a5a55aa002262ca440002d0002100000001
01:33:10.570,000a04185a5a5a5a
01:33:10.767,55aa1868027c000002150384fb15000200090018
01:33:10.770,5a5a5a5a55aa002262cc440002d0002100000001
01:33:10.775,000a04185a5a5a5a
01:33:10.963,55aa1868027f000002160384fb16000200090018
01:33:10.965,5a5a5a5a55aa002262cd440002d0002100000001
01:33:10.976,000a04185a5a5a5a
01:33:11.188,55aa1868027f000002170528fb15000200090018
01:33:11.190,5a5a5a5a55aa002262ce440002d0002100000001
01:33:11.196,000a04185a5a5a5a
01:33:11.366,55aa186002890000021901c2fb18000200090018
01:33:11.383,5a5a5a5a55aa002262d0440002d0002100000001
01:33:11.388,000a04185a5a5a5a
01:33:11.578,55aa1868027d0000021a0366fb1c000200090018
01:33:11.581,5a5a5a5a55aa002262d1440002d0002100000001
01:33:11.607,000a04185a5a5a5a
01:33:11.789,55aa186802730000021b024efb20000200090018
01:33:11.791,5a5a5a5a55aa002262d2440002d0002100000001
01:33:11.796,000a04185a5a5a5a
01:33:11.983,55aa1868028a0000021c017cfb21000200090018
01:33:11.985,5a5a5a5a55aa002262d3440002d0002100000001
01:33:11.995,000a04185a5a5a5a
01:33:12.193,55aa1870026e0000021e015efb21000200090018
01:33:12.195,5a5a5a5a55aa002262d5440002d0002100000001
01:33:12.206,000a04185a5a5a5a
01:33:12.388,55aa187002850000021f0096fb24000200090018
01:33:12.390,5a5a5a5a55aa002262d6440002d0002100000001
01:33:12.401,000a04185a5a5a5a
01:33:12.599,55aa1878026d00000220fe98fb26000200090018
01:33:12.601,5a5a5a5a55aa002262d7440002d0002100000001
01:33:12.612,000a04185a5a5a5a
01:33:12.794,55aa1880025900000222001efb26000200090018
01:33:12.809,5a5a5a5a55aa002262d9440002d0002100000001
01:33:12.816,000a04185a5a5a5a
01:33:13.003,55aa1888025000000223fe16fb25000200090018
01:33:13.005,5a5a5a5a55aa002262da440002d0002100000001
01:33:13.016,000a04185a5a5a5a
01:33:13.214,55aa1890022900000224010efb29000200090018
01:33:13.216,5a5a5a5a55aa002262db440002d0002100000001
01:33:13.222,000a04185a5a5a5a
01:33:13.408,55aa1890023b00000225044cfb28000200090018
01:33:13.410,5a5a5a5a55aa002262dc440002d0002100000001
01:33:13.421,000a04185a5a5a5a
01:33:13.619,55aa18880242000002260604fb2a000200090018
01:33:13.622,5a5a5a5a55aa002262dd440002d0002100000001
01:33:13.634,000a04185a5a5a5a
01:33:13.813,55aa1888024100000227033efb2a000200090018
01:33:13.829,5a5a5a5a55aa002262de440002d0002100000001
01:33:13.835,000a04185a5a5a5a
01:33:14.022,55aa18880248000002290258fb2c000200090018
01:33:14.026,5a5a5a5a55aa002262e0440002cf002100000001
01:33:14.036,000a04185a5a5a5a
01:33:14.234,55aa1888024d0000022aff92fb2a000200090018
01:33:14.236,5a5a5a5a55aa002262e1440002d0002100000001
01:33:14.241,000a04185a5a5a5a
01:33:14.429,55aa189802310000022bfabafb2b000200090018
01:33:14.431,5a5a5a5a55aa002262e2440002d0002100000001
01:33:14.442,000a04185a5a5a5a
01:33:14.639,55aa18a002030000022cff24fb2d000200090018
01:33:14.641,5a5a5a5a55aa002262e3440002d0002100000001
01:33:14.651,000a04185a5a5a5a
01:33:14.834,55aa18a802130000022d0208fb2d000200090018
01:33:14.849,5a5a5a5a55aa002262e4440002d0002100000001
01:33:14.855,000a04185a5a5a5a
01:33:15.045,55aa18a802130000022efdf8fb30000200090018
01:33:15.072,5a5a5a5a55aa002262e5440002d0002100000001
01:33:15.077,000a04185a5a5a5a
01:33:15.252,55aa18a801e80000022f02b2fb34000200090018
01:33:15.254,5a5a5a5a55aa002262e6440002d0002100000001
01:33:15.259,000a04185a5a5a5a
01:33:15.465,55aa18a8021300000230008cfb34000200090018
01:33:15.481,5a5a5a5a55aa002262e7440002d0002100000001
01:33:15.492,000a04185a5a5a5a
01:33:15.659,55aa18a0022e00000231041afb35000200090018
01:33:15.661,5a5a5a5a55aa002262e8440002d0002100000001
01:33:15.672,000a04185a5a5a5a
01:33:15.855,55aa189802170000023303b6fb37000200090018
01:33:15.867,5a5a5a5a55aa002262ea440002d0002100000001
01:33:15.873,000a04185a5a5a5a
01:33:16.064,55aa18900223000002340582fb3c000200090018
01:33:16.067,5a5a5a5a55aa002262eb440002d0002100000001
01:33:16.077,000a04185a5a5a5a
01:33:16.273,55aa18880229000002350690fb3c000200090018
01:33:16.275,5a5a5a5a55aa002262ec440002d0002100000001
01:33:16.280,000a04185a5a5a5a
01:33:16.500,55aa188802240000023602b2fb37000200090018
01:33:16.502,5a5a5a5a55aa002262ed440002d0002100000001
01:33:16.530,000a04185a5a5a5a
01:33:16.680,55aa188002390000023700b4fb37000200090018
01:33:16.682,5a5a5a5a55aa002262ee440002d0002100000001
01:33:16.709,000a04185a5a5a5a
01:33:16.875,55aa1878022e000002380852fb3a000200090018
01:33:16.890,5a5a5a5a55aa002262ef440002d0002100000001
01:33:16.895,000a04185a5a5a5a
01:33:17.085,55aa1870023c0000023907eefb39000200090018
01:33:17.087,5a5a5a5a55aa002262f0440002d0002100000001
01:33:17.098,000a04185a5a5a5a
01:33:17.294,55aa186802360000023a07b2fb3a000200090018
01:33:17.296,5a5a5a5a55aa002262f1440002d0002100000001
01:33:17.302,000a04185a5a5a5a
01:33:17.490,55aa1860025a0000023c0758fb3e000200090018
01:33:17.493,5a5a5a5a55aa002262f3440002d0002100000001
01:33:17.502,000a04185a5a5a5a
01:33:17.700,55aa185002550000023d0870fb3e000200090018
01:33:17.703,5a5a5a5a55aa002262f4440002d0002100000001
01:33:17.713,000a04185a5a5a5a
01:33:17.895,55aa1848026a0000023e0942fb3d000200090018
01:33:17.910,5a5a5a5a55aa002262f5440002d0002100000001
01:33:17.918,000a04185a5a5a5a
01:33:18.104,55aa184002730000023f06a4fb45000200090018
01:33:18.106,5a5a5a5a55aa002262f6440002d0002100000001
01:33:18.118,000a04185a5a5a5a
01:33:18.315,55aa1840027200000241047efb47000200090018
01:33:18.318,5a5a5a5a55aa002262f8440002d0002100000001
01:33:18.323,000a04185a5a5a5a
01:33:18.511,55aa1840026400000242062cfb45000200090018
01:33:18.513,5a5a5a5a55aa002262f9440002d0002100000001
01:33:18.524,000a04185a5a5a5a
01:33:18.721,55aa1840027c000002430122fb49000200090018
01:33:18.723,5a5a5a5a55aa002262fa440002d0002100000001
01:33:18.734,000a04185a5a5a5a
01:33:18.917,55aa1840028a000002440424fb47000200090018
01:33:18.929,5a5a5a5a55aa002262fb440002d0002100000001
01:33:18.935,000a04185a5a5a5a
01:33:19.125,55aa18480277000002460046fb45000200090018
01:33:19.126,5a5a5a5a55aa002262fd440002d0002100000001
01:33:19.139,000a04185a5a5a5a
01:33:19.336,55aa1858026d00000247ff10fb44000200090018
01:33:19.338,5a5a5a5a55aa002262fe440002d0002100000001
01:33:19.343,000a04185a5a5a5a
01:33:19.531,55aa18600259000002480032fb46000200090018
01:33:19.534,5a5a5a5a55aa002262ff440002d0002100000001
01:33:19.543,000a04185a5a5a5a
01:33:19.741,55aa1868025400000249ff88fb42000200090018
01:33:19.744,5a5a5a5a55aa00226300440002d0002100000001
01:33:19.749,000a04185a5a5a5a
01:33:19.934,55aa1870022c0000024bffbafb44000200090018
01:33:19.951,5a5a5a5a55aa00226302440002d0002100000001
01:33:19.957,000a04185a5a5a5a
01:33:20.161,55aa1878023b0000024c019afb49000200090018
01:33:20.163,5a5a5a5a55aa00226303440002d0002100000001
01:33:20.169,000a04185a5a5a5a
01:33:20.357,55aa187802260000024d04a6fb4e000200090018
01:33:20.359,5a5a5a5a55aa00226304440002d0002100000001
01:33:20.367,000a04185a5a5a5a
01:33:20.551,55aa187002400000024e04d8fb4f000200090018
01:33:20.553,5a5a5a5a55aa00226305440002d0002100000001
01:33:20.564,000a04185a5a5a5a
01:33:20.762,55aa1878024c0000024f01ccfb4e000200090018
01:33:20.764,5a5a5a5a55aa00226306440002d0002100000001
01:33:20.769,000a04185a5a5a5a
01:33:20.957,55aa1878024500000251ffd8fb55000200090018
01:33:20.971,5a5a5a5a55aa00226308440002d0002100000001
01:33:20.977,000a04185a5a5a5a
01:33:21.167,55aa1880023f000002520302fb52000200090018
01:33:21.169,5a5a5a5a55aa00226309440002d0002100000001
01:33:21.180,000a04185a5a5a5a
01:33:21.359,55aa1880023e000002530226fb55000200090018
01:33:21.391,5a5a5a5a55aa0022630a440002d0002100000001
01:33:21.398,000a04185a5a5a5a
01:33:21.571,55aa1888022e00000254065efb56000200090018
01:33:21.574,5a5a5a5a55aa0022630b440002d0002100000001
01:33:21.601,000a04185a5a5a5a
01:33:21.781,55aa1880025500000255010efb58000200090018
01:33:21.784,5a5a5a5a55aa0022630c440002d0002100000001
01:33:21.789,000a04185a5a5a5a
01:33:21.977,55aa188002270000025605b4fb59000200090018
01:33:21.992,5a5a5a5a55aa0022630d440002d0002100000001
01:33:21.998,000a04185a5a5a5a
01:33:22.187,55aa187802270000025702b2fb5b000200090018
01:33:22.189,5a5a5a5a55aa0022630e440002d0002100000001
01:33:22.215,000a04185a5a5a5a
01:33:22.397,55aa188002150000025901ccfb57000200090018
01:33:22.399,5a5a5a5a55aa00226310440002d0002100000001
01:33:22.405,000a04185a5a5a5a
01:33:22.592,55aa187802310000025a0884fb5b000200090018
01:33:22.595,5a5a5a5a55aa00226311440002d0002100000001
01:33:22.605,000a04185a5a5a5a
01:33:22.802,55aa1870023d0000025b064afb5c000200090018
01:33:22.805,5a5a5a5a55aa00226312440002d0002100000001
01:33:22.810,000a04185a5a5a5a
01:33:22.997,55aa187002430000025c02c6fb5c000200090018
01:33:22.999,5a5a5a5a55aa00226313440002d0002100000001
01:33:23.010,000a04185a5a5a5a
01:33:23.208,55aa187002150000025d02c6fb61000200090018
01:33:23.210,5a5a5a5a55aa00226314440002d0002100000001
01:33:23.221,000a04185a5a5a5a
01:33:23.403,55aa187002250000025e03e8fb60000200090018
01:33:23.416,5a5a5a5a55aa00226315440002d0002100000001
01:33:23.422,000a04185a5a5a5a
01:33:23.612,55aa187002320000025f0532fb61000200090018
01:33:23.614,5a5a5a5a55aa00226316440002d0002100000001
01:33:23.643,000a04185a5a5a5a
01:33:23.822,55aa18680232000002610780fb5f000200090018
01:33:23.825,5a5a5a5a55aa00226318440002d0002100000001
01:33:23.830,000a04185a5a5a5a
01:33:24.018,55aa1860024b0000026204c4fb62000200090018
01:33:24.047,5a5a5a5a55aa00226319440002d0002100000001
01:33:24.053,000a04185a5a5a5a
01:33:24.243,55aa1860024b0000026305b4fb67000200090018
01:33:24.246,5a5a5a5a55aa0022631a440002d0002100000001
01:33:24.271,000a04185a5a5a5a
01:33:24.571,55aa1860025c0000026405befb65000200090018
01:33:24.602,5a5a5a5a55aa0022631b440002d0002100000001
01:33:24.609,000a04185a5a5a5a
01:33:24.633,55aa18600258000002650320fb62000200090018
01:33:24.635,5a5a5a5a55aa0022631c440002d0002100000001
01:33:24.644,000a04185a5a5a5a
01:33:24.843,55aa18680243000002670514fb62000200090018
01:33:24.857,5a5a5a5a55aa0022631e440002d0002100000001
01:33:24.863,000a04185a5a5a5a
01:33:25.038,55aa18600252000002680578fb65000200090018
01:33:25.040,5a5a5a5a55aa0022631f440002d0002100000001
01:33:25.067,000a04185a5a5a5a
01:33:25.308,55aa1860025500000269042efb69000200090018
01:33:25.310,5a5a5a5a55aa00226320440002d0002100000001
01:33:25.316,000a04185a5a5a5a
01:33:25.503,55aa186802410000026a065efb6e000200090018
01:33:25.506,5a5a5a5a55aa00226321440002d0002100000001
01:33:25.511,000a04185a5a5a5a
01:33:25.668,55aa186002530000026b049cfb69000200090018
01:33:25.671,5a5a5a5a55aa00226322440002d0002100000001
01:33:25.683,000a04185a5a5a5a
01:33:25.863,55aa186002690000026d064afb6a000200090018
01:33:25.865,5a5a5a5a55aa00226324440002d0002100000001
01:33:25.870,000a04185a5a5a5a
01:33:26.057,55aa186002510000026e0460fb6c000200090018
01:33:26.060,5a5a5a5a55aa00226325440002d0002100000001
01:33:26.071,000a04185a5a5a5a
01:33:26.268,55aa186002580000026f03fcfb6c000200090018
01:33:26.270,5a5a5a5a55aa00226326440002d0002100000001
01:33:26.281,000a04185a5a5a5a
01:33:26.463,55aa186002550000027004ecfb6c000200090018
01:33:26.479,5a5a5a5a55aa00226327440002d0002100000001
01:33:26.487,000a04185a5a5a5a
01:33:26.673,55aa1858025a00000271083efb6f000200090018
01:33:26.676,5a5a5a5a55aa00226328440002d0002100000001
01:33:26.703,000a04185a5a5a5a
01:33:26.884,55aa1858026c000002730816fb73000200090018
01:33:26.886,5a5a5a5a55aa0022632a440002d0002100000001
01:33:26.891,000a04185a5a5a5a
01:33:27.091,55aa185002720000027401d6fb70000200090018
01:33:27.092,5a5a5a5a55aa0022632b440002d0002100000001
01:33:27.170,000a04185a5a5a5a
01:33:27.288,55aa1858026d000002750406fb70000200090018
01:33:27.289,5a5a5a5a55aa0022632c440002d0002100000001
01:33:27.302,000a04185a5a5a5a
01:33:27.483,55aa1858026c0000027703c0fb6d000200090018
01:33:27.513,5a5a5a5a55aa0022632e440002d0002100000001
01:33:27.516,000a04185a5a5a5a
01:33:27.693,55aa1850026c00000278042efb71000200090018
01:33:27.695,5a5a5a5a55aa0022632f440002d0002100000001
01:33:27.707,000a04185a5a5a5a
01:33:27.903,55aa1858026d000002790578fb73000200090018
01:33:27.905,5a5a5a5a55aa00226330440002d0002100000001
01:33:27.910,000a04185a5a5a5a
01:33:28.099,55aa1858026d0000027a0294fb73000200090018
01:33:28.101,5a5a5a5a55aa00226331440002d0002100000001
01:33:28.130,000a04185a5a5a5a
01:33:28.309,55aa1858025d0000027c0294fb76000200090018
01:33:28.311,5a5a5a5a55aa00226333440002d0002100000001
01:33:28.339,000a04185a5a5a5a
01:33:28.504,55aa1858026c0000027d0258fb79000200090018
01:33:28.506,5a5a5a5a55aa00226334440002d0002100000001
01:33:28.516,000a04185a5a5a5a
01:33:28.713,55aa1858026d0000027e047efb7d000200090018
01:33:28.715,5a5a5a5a55aa00226335440002d0002100000001
01:33:28.744,000a04185a5a5a5a
01:33:28.909,55aa1850027b0000027f03fcfb7b000200090018
01:33:28.925,5a5a5a5a55aa00226336440002d0002100000001
01:33:28.930,000a04185a5a5a5a
01:33:29.119,55aa185002710000028102dafb7d000200090018
01:33:29.121,5a5a5a5a55aa00226338440002d0002100000001
01:33:29.134,000a04185a5a5a5a
01:33:29.329,55aa1858026e0000028202b2fb7f000200090018
01:33:29.331,5a5a5a5a55aa00226339440002d0002100000001
01:33:29.359,000a04185a5a5a5a
01:33:29.539,55aa1858026d0000028301fefb80000200090018
01:33:29.542,5a5a5a5a55aa0022633a440002d0002100000001
01:33:29.547,000a04185a5a5a5a
01:33:29.735,55aa1860026d000002850294fb82000200090018
01:33:29.737,5a5a5a5a55aa0022633c440002d0002100000001
01:33:29.750,000a04185a5a5a5a
01:33:29.945,55aa1860026d000002860334fb83000200090018
01:33:29.947,5a5a5a5a55aa0022633d440002d0002100000001
01:33:29.952,000a04185a5a5a5a
01:33:30.139,55aa186002800000028703e8fb7d000200090018
01:33:30.141,5a5a5a5a55aa0022633e440002d0002100000001
01:33:30.152,000a04185a5a5a5a
01:33:30.349,55aa1860027e000002880348fb84000200090018
01:33:30.352,5a5a5a5a55aa0022633f440002d0002100000001
01:33:30.357,000a04185a5a5a5a
01:33:30.544,55aa1860026d0000028a032afb84000200090018
01:33:30.546,5a5a5a5a55aa00226341440002d0002100000001
01:33:30.557,000a04185a5a5a5a
01:33:30.756,55aa1860026d0000028b0488fb88000200090018
01:33:30.766,5a5a5a5a55aa00226342440002d0002100000001
01:33:30.772,000a04185a5a5a5a
01:33:30.965,55aa186002780000028c024efb87000200090018
01:33:30.967,5a5a5a5a55aa00226343440002d0002100000001
01:33:30.973,000a04185a5a5a5a
01:33:31.175,55aa185802700000028d0438fb87000200090018
01:33:31.177,5a5a5a5a55aa00226344440002d0002100000001
01:33:31.182,000a04185a5a5a5a
01:33:31.385,55aa185802870000028f04bafb84000200090018
01:33:31.387,5a5a5a5a55aa00226346440002d0002100000001
01:33:31.392,000a04185a5a5a5a
01:33:31.565,55aa1858027a00000290038efb87000200090018
01:33:31.567,5a5a5a5a55aa00226347440002d0002100000001
01:33:31.578,000a04185a5a5a5a
01:33:31.773,55aa1858026e0000029103cafb89000200090018
01:33:31.776,5a5a5a5a55aa00226348440002d0002100000001
01:33:31.788,000a04185a5a5a5a
01:33:31.970,55aa1858026d00000293037afb84000200090018
01:33:31.985,5a5a5a5a55aa0022634a440002d0002100000001
01:33:31.991,000a04185a5a5a5a
01:33:32.180,55aa1858026d000002940104fb8a000200090018
01:33:32.182,5a5a5a5a55aa0022634b440002d0002100000001
01:33:32.193,000a04185a5a5a5a
01:33:32.390,55aa1860025600000295030cfb8b000200090018
01:33:32.392,5a5a5a5a55aa0022634c440002d0002100000001
01:33:32.397,000a04185a5a5a5a
01:33:32.585,55aa1860026b000002960302fb8e000200090018
01:33:32.587,5a5a5a5a55aa0022634d440002d0002100000001
01:33:32.598,000a04185a5a5a5a
01:33:32.796,55aa1860026200000298062cfb8e000200090018
01:33:32.798,5a5a5a5a55aa0022634f440002d0002100000001
01:33:32.808,000a04185a5a5a5a
01:33:33.006,55aa18600269000002990564fb96000200090018
01:33:33.008,5a5a5a5a55aa00226350440002d0002100000001
01:33:33.012,000a04185a5a5a5a
01:33:33.200,55aa185802550000029a06aefb93000200090018
01:33:33.202,5a5a5a5a55aa00226351440002d0002100000001
01:33:33.213,000a04185a5a5a5a
01:33:33.411,55aa1860026c0000029b01ccfb94000200090018
01:33:33.413,5a5a5a5a55aa00226352440002d0002100000001
01:33:33.417,000a04185a5a5a5a
01:33:33.606,55aa186002590000029d02eefb93000200090018
01:33:33.608,5a5a5a5a55aa00226354440002d0002100000001
01:33:33.618,000a04185a5a5a5a
01:33:33.816,55aa186002560000029e03cafb93000200090018
01:33:33.818,5a5a5a5a55aa00226355440002d0002100000001
01:33:33.828,000a04185a5a5a5a
01:33:34.011,55aa1860025f0000029f0370fb97000200090018
01:33:34.026,5a5a5a5a55aa00226356440002d0002100000001
01:33:34.032,000a04185a5a5a5a
01:33:34.221,55aa1858026c000002a00302fb95000200090018
01:33:34.223,5a5a5a5a55aa00226357440002d0002100000001
01:33:34.234,000a04185a5a5a5a
01:33:34.446,55aa1858026c000002a20384fb96000200090018
01:33:34.448,5a5a5a5a55aa00226359440002d0002100000001
01:33:34.454,000a04185a5a5a5a
01:33:34.625,55aa1858026c000002a304ecfb97000200090018
01:33:34.628,5a5a5a5a55aa0022635a440002d0002100000001
01:33:34.641,000a04185a5a5a5a
01:33:34.836,55aa1858026d000002a404c4fb9b000200090018
01:33:34.838,5a5a5a5a55aa0022635b440002d0002100000001
01:33:34.849,000a04185a5a5a5a
01:33:35.031,55aa18580270000002a504f6fb9d000200090018
01:33:35.046,5a5a5a5a55aa0022635c440002d0002100000001
01:33:35.051,000a04185a5a5a5a
01:33:35.239,55aa18580280000002a70122fb9a000200090018
01:33:35.242,5a5a5a5a55aa0022635e440002d0002100000001
01:33:35.270,000a04185a5a5a5a
01:33:35.451,55aa1858026d000002a803d4fb9e000200090018
01:33:35.454,5a5a5a5a55aa0022635f440002d0002100000001
01:33:35.459,000a04185a5a5a5a
01:33:35.646,55aa18500273000002a903a2fb9d000200090018
01:33:35.649,5a5a5a5a55aa00226360440002d0002100000001
01:33:35.673,000a04185a5a5a5a
01:33:35.857,55aa1850026e000002ab0442fb9e000200090018
01:33:35.859,5a5a5a5a55aa00226362440002d0002100000001
01:33:35.864,000a04185a5a5a5a
01:33:36.051,55aa1850027b000002ac0456fba0000200090018
01:33:36.064,5a5a5a5a55aa00226363440002d0002100000001
01:33:36.071,000a04185a5a5a5a
01:33:36.261,55aa18580270000002ad00befba0000200090018
01:33:36.263,5a5a5a5a55aa00226364440002d0002100000001
01:33:36.276,000a04185a5a5a5a
01:33:36.457,55aa1858026d000002ae0352fba0000200090018
01:33:36.470,5a5a5a5a55aa00226365440002d0002100000001
01:33:36.476,000a04185a5a5a5a
01:33:36.666,55aa18580275000002b00212fba4000200090018
01:33:36.669,5a5a5a5a55aa00226367440002d0002100000001
01:33:36.695,000a04185a5a5a5a
01:33:36.876,55aa18580279000002b1065efba5000200090018
01:33:36.879,5a5a5a5a55aa00226368440002d0002100000001
01:33:36.884,000a04185a5a5a5a
01:33:37.087,55aa18580274000002b20550fba3000200090018
01:33:37.089,5a5a5a5a55aa00226369440002d0002100000001
01:33:37.094,000a04185a5a5a5a
01:33:37.282,55aa1850027c000002b404c4fba2000200090018
01:33:37.284,5a5a5a5a55aa0022636b440002d0002100000001
01:33:37.294,000a04185a5a5a5a
01:33:37.476,55aa1848028b000002b5055afba3000200090018
01:33:37.492,5a5a5a5a55aa0022636c440002d0002100000001
01:33:37.498,000a04185a5a5a5a
01:33:37.687,55aa18480295000002b60410fbaa000200090018
01:33:37.689,5a5a5a5a55aa0022636d440002d0002100000001
01:33:37.699,000a04185a5a5a5a
01:33:37.912,55aa1848028d000002b801ccfbaa000200090018
01:33:37.914,5a5a5a5a55aa0022636f440002d0002100000001
01:33:37.925,000a04185a5a5a5a
01:33:38.092,55aa18500278000002b9037afba8000200090018
01:33:38.095,5a5a5a5a55aa00226370440002d0002100000001
01:33:38.105,000a04185a5a5a5a
01:33:38.317,55aa1850028a000002ba02d0fbac000200090018
01:33:38.319,5a5a5a5a55aa00226371440002d0002100000001
01:33:38.325,000a04185a5a5a5a
01:33:38.497,55aa18500291000002bb049cfbad000200090018
01:33:38.510,5a5a5a5a55aa00226372440002d0002100000001
01:33:38.515,000a04185a5a5a5a
01:33:38.708,55aa18500277000002bd02c6fbb0000200090018
01:33:38.710,5a5a5a5a55aa00226374440002d0002100000001
01:33:38.719,000a04185a5a5a5a
01:33:38.916,55aa18580287000002beff2efbaf000200090018
01:33:38.918,5a5a5a5a55aa00226375440002d0002100000001
01:33:38.923,000a04185a5a5a5a
01:33:39.112,55aa1858026d000002bf021cfbb2000200090018
01:33:39.114,5a5a5a5a55aa00226376440002d0002100000001
01:33:39.127,000a04185a5a5a5a
01:33:39.322,55aa1858026d000002c10668fbb3000200090018
01:33:39.324,5a5a5a5a55aa00226378440002d0002100000001
01:33:39.335,000a04185a5a5a5a
01:33:39.517,55aa1860026c000002c204bafbb1000200090018
01:33:39.548,5a5a5a5a55aa00226379440002d0002100000001
01:33:39.554,000a04185a5a5a5a
01:33:39.726,55aa1858026d000002c3050afbb4000200090018
01:33:39.741,5a5a5a5a55aa0022637a440002d0002100000001
01:33:39.746,000a04185a5a5a5a
01:33:39.953,55aa18580272000002c402bcfbb0000200090018
01:33:39.955,5a5a5a5a55aa0022637b440002d0002100000001
01:33:39.961,000a04185a5a5a5a
01:33:40.131,55aa18580285000002c60456fbb4000200090018
01:33:40.134,5a5a5a5a55aa0022637d440002d0002100000001
01:33:40.149,000a04185a5a5a5a
01:33:40.343,55aa18580275000002c703defbb7000200090018
01:33:40.346,5a5a5a5a55aa0022637e440002d0002100000001
01:33:40.356,000a04185a5a5a5a
01:33:40.538,55aa18580281000002c8037afbb6000200090018
01:33:40.553,5a5a5a5a55aa0022637f440002d0002100000001
01:33:40.559,000a04185a5a5a5a
01:33:40.748,55aa18500282000002ca044cfbb7000200090018
01:33:40.750,5a5a5a5a55aa00226381440002d0002100000001
01:33:40.761,000a04185a5a5a5a
01:33:40.989,55aa18500294000002cb033efbb7000200090018
01:33:40.991,5a5a5a5a55aa00226382440002d0002100000001
01:33:40.996,000a04185a5a5a5a
01:33:41.153,55aa1858028b000002cc01e0fbb8000200090018
01:33:41.155,5a5a5a5a55aa00226383440002d0002100000001
01:33:41.166,000a04185a5a5a5a
01:33:41.363,55aa1858025d000002ce03c0fbb9000200090018
01:33:41.365,5a5a5a5a55aa00226385440002d0002100000001
01:33:41.378,000a04185a5a5a5a
01:33:41.559,55aa18580277000002cf00fafbbe000200090018
01:33:41.573,5a5a5a5a55aa00226386440002d0002100000001
01:33:41.579,000a04185a5a5a5a
01:33:41.769,55aa18600272000002d001b8fbc2000200090018
01:33:41.771,5a5a5a5a55aa00226387440002d0002100000001
01:33:41.781,000a04185a5a5a5a
01:33:41.977,55aa1860026f000002d102bcfbbd000200090018
01:33:41.979,5a5a5a5a55aa00226388440002d0002100000001
01:33:41.985,000a04185a5a5a5a
01:33:42.174,55aa1860026d000002d301f4fbbd000200090018
01:33:42.176,5a5a5a5a55aa0022638a440002d0002100000001
01:33:42.204,000a04185a5a5a5a
01:33:42.384,55aa1860026d000002d403acfbbf000200090018
01:33:42.386,5a5a5a5a55aa0022638b440002d0002100000001
01:33:42.399,000a04185a5a5a5a
01:33:42.578,55aa1860026c000002d502e4fbbb000200090018
01:33:42.592,5a5a5a5a55aa0022638c440002d0002100000001
01:33:42.598,000a04185a5a5a5a
01:33:42.789,55aa1860026c000002d60334fbbf000200090018
01:33:42.792,5a5a5a5a55aa0022638d440002d0002100000001
01:33:42.801,000a04185a5a5a5a
01:33:42.999,55aa1860026c000002d802b2fbc5000200090018
01:33:43.001,5a5a5a5a55aa0022638f440002d0002100000001
01:33:43.006,000a04185a5a5a5a
01:33:43.194,55aa18600263000002d90406fbc5000200090018
01:33:43.224,5a5a5a5a55aa00226390440002d0002100000001
01:33:43.229,000a04185a5a5a5a
01:33:43.405,55aa18600280000002da038efbc8000200090018
01:33:43.407,5a5a5a5a55aa00226391440002d0002100000001
01:33:43.417,000a04185a5a5a5a
01:33:43.599,55aa1860026a000002dc051efbc8000200090018
01:33:43.615,5a5a5a5a55aa00226393440002d0002100000001
01:33:43.621,000a04185a5a5a5a
01:33:43.810,55aa1860026c000002dd04b0fbcb000200090018
01:33:43.813,5a5a5a5a55aa00226394440002d0002100000001
01:33:43.822,000a04185a5a5a5a
01:33:44.020,55aa1860026c000002de03a2fbcb000200090018
01:33:44.022,5a5a5a5a55aa00226395440002d0002100000001
01:33:44.028,000a04185a5a5a5a
01:33:44.214,55aa1860026c000002df02f8fbca000200090018
01:33:44.217,5a5a5a5a55aa00226396440002d0002100000001
01:33:44.227,000a04185a5a5a5a
01:33:44.425,55aa18600268000002e10168fbcf000200090018
01:33:44.427,5a5a5a5a55aa00226398440002d0002100000001
01:33:44.438,000a04185a5a5a5a
01:33:44.619,55aa18600253000002e2023afbcc000200090018
01:33:44.622,5a5a5a5a55aa00226399440002d0002100000001
01:33:44.632,000a04185a5a5a5a
01:33:44.828,55aa1868026b000002e301fefbcd000200090018
01:33:44.830,5a5a5a5a55aa0022639a440002d0002100000001
01:33:44.842,000a04185a5a5a5a
01:33:45.054,55aa18680261000002e40424fbcf000200090018
01:33:45.057,5a5a5a5a55aa0022639b440002d0002100000001
01:33:45.062,000a04185a5a5a5a
01:33:45.235,55aa18680267000002e50032fbd2000200090018
01:33:45.237,5a5a5a5a55aa0022639c440002d0002100000001
01:33:45.248,000a04185a5a5a5a
01:33:45.445,55aa18680255000002e7050afbd5000200090018
01:33:45.460,5a5a5a5a55aa0022639e440002d0002100000001
01:33:45.466,000a04185a5a5a5a
01:33:45.641,55aa18680259000002e80186fbd4000200090018
01:33:45.643,5a5a5a5a55aa0022639f440002d0002100000001
01:33:45.653,000a04185a5a5a5a
01:33:45.850,55aa18680242000002e90410fbd8000200090018
01:33:45.852,5a5a5a5a55aa002263a0440002d0002100000001
01:33:45.863,000a04185a5a5a5a
01:33:46.046,55aa18680256000002ea0258fbd3000200090018
01:33:46.060,5a5a5a5a55aa002263a1440002d0002100000001
01:33:46.066,000a04185a5a5a5a
01:33:46.255,55aa18700246000002ecffe2fbd5000200090018
01:33:46.257,5a5a5a5a55aa002263a3440002d0002100000001
01:33:46.268,000a04185a5a5a5a
01:33:46.465,55aa18780242000002edfdc6fbd7000200090018
01:33:46.467,5a5a5a5a55aa002263a4440002d0002100000001
01:33:46.474,000a04185a5a5a5a
01:33:46.661,55aa18800235000002eefe52fbda000200090018
01:33:46.663,5a5a5a5a55aa002263a5440002d0002100000001
01:33:46.673,000a04185a5a5a5a
01:33:46.870,55aa18880214000002efffb0fbdc000200090018
01:33:46.886,5a5a5a5a55aa002263a6440002d0002100000001
01:33:46.892,000a04185a5a5a5a
01:33:47.066,55aa18900215000002f0fcccfbd7000200090018
01:33:47.080,5a5a5a5a55aa002263a7440002d0002100000001
01:33:47.086,000a04185a5a5a5a
01:33:47.276,55aa189801fe000002f1fbc8fbd5000200090018
01:33:47.278,5a5a5a5a55aa002263a8440002d0002100000001
01:33:47.290,000a04185a5a5a5a
01:33:47.485,55aa18a001f8000002f2fe20fbdb000200090018
01:33:47.488,5a5a5a5a55aa002263a9440002d0002100000001
01:33:47.493,000a04185a5a5a5a
01:33:47.679,55aa18a001e8000002f3fc5efbdf000200090018
01:33:47.681,5a5a5a5a55aa002263aa440002d0002100000001
01:33:47.693,000a04185a5a5a5a
01:33:47.891,55aa18a801cb000002f4fa60fbdd000200090018
01:33:47.893,5a5a5a5a55aa002263ab440002d0002100000001
01:33:47.904,000a04185a5a5a5a
01:33:48.086,55aa18b001bc000002f5fdd0fbdb000200090018
01:33:48.101,5a5a5a5a55aa002263ac440002d0002100000001
01:33:48.106,000a04185a5a5a5a
01:33:48.295,55aa18b801b0000002f6fcd6fbe0000200090018
01:33:48.298,5a5a5a5a55aa002263ad440002d0002100000001
01:33:48.308,000a04185a5a5a5a
01:33:48.506,55aa18b8019a000002f7fe98fbe2000200090018
01:33:48.508,5a5a5a5a55aa002263ae440002d0002100000001
01:33:48.513,000a04185a5a5a5a
01:33:48.701,55aa18b801aa000002f8ff56fbe3000200090018
01:33:48.703,5a5a5a5a55aa002263af440002d0002100000001
01:33:48.746,000a04185a5a5a5a
01:33:48.911,55aa18c00197000002f9fd30fbe0000200090018
01:33:48.941,5a5a5a5a55aa002263b0440002d0002100000001
01:33:48.947,000a04185a5a5a5a
01:33:49.121,55aa18c001a4000002f9fa24fbe2000200090018
01:33:49.123,5a5a5a5a55aa002263b0440002d0002100000001
01:33:49.129,000a04185a5a5a5a
01:33:49.316,55aa18c8018e000002fafaecfbe5000200090018
01:33:49.318,5a5a5a5a55aa002263b1440002d0002100000001
01:33:49.329,000a04185a5a5a5a
01:33:49.525,55aa18c80174000002fbfb0afbe7000200090018
01:33:49.527,5a5a5a5a55aa002263b2440002d0002100000001
01:33:49.533,000a04185a5a5a5a
01:33:49.735,55aa18c8017e000002fcfc0efbea000200090018
01:33:49.737,5a5a5a5a55aa002263b3440002d0002100000001
01:33:49.743,000a04185a5a5a5a
01:33:49.931,55aa18d00170000002fc015efbe9000200090018
01:33:49.934,5a5a5a5a55aa002263b3440002d0002100000001
01:33:49.944,000a04185a5a5a5a
01:33:50.125,55aa18d00162000002fd0000fbe9000200090018
01:33:50.127,5a5a5a5a55aa002263b4440002d0002100000001
01:33:50.139,000a04185a5a5a5a
01:33:50.337,55aa18d00145000002fe001efbed000200090018
01:33:50.339,5a5a5a5a55aa002263b5440002d0002100000001
01:33:50.351,000a04185a5a5a5a
01:33:50.546,55aa18c80148000002fffdc6fbe9000200090018
01:33:50.548,5a5a5a5a55aa002263b6440002d0002100000001
01:33:50.555,000a04185a5a5a5a
01:33:50.741,55aa18d0013e000002fffdb2fbeb000200090018
01:33:50.743,5a5a5a5a55aa002263b6440002d0002100000001
01:33:50.754,000a04185a5a5a5a
01:33:50.952,55aa18d0012300000300ffa6fbeb000200090018
01:33:50.954,5a5a5a5a55aa002263b7440002d0002100000001
01:33:50.965,000a04185a5a5a5a
01:33:51.146,55aa18c8013400000300008cfbeb000200090018
01:33:51.149,5a5a5a5a55aa002263b7440002d0002100000001
01:33:51.161,000a04185a5a5a5a
01:33:51.357,55aa18c8011a000003010190fbee000200090018
01:33:51.359,5a5a5a5a55aa002263b8440002d0002100000001
01:33:51.370,000a04185a5a5a5a
01:33:51.566,55aa18c8012800000302041afbed000200090018
01:33:51.569,5a5a5a5a55aa002263b9440002d0002100000001
01:33:51.574,000a04185a5a5a5a
01:33:51.762,55aa18c00116000003020514fbf0000200090018
01:33:51.764,5a5a5a5a55aa002263b9440002d0002100000001
01:33:51.793,000a04185a5a5a5a
01:33:51.973,55aa18b8010a000003030a78fbf1000200090018
01:33:51.976,5a5a5a5a55aa002263ba440002d0002100000001
01:33:51.981,000a04185a5a5a5a
01:33:52.167,55aa18a8013500000303080cfbf2000200090018
01:33:52.170,5a5a5a5a55aa002263ba440002d0002100000001
01:33:52.180,000a04185a5a5a5a
01:33:52.376,55aa18a00135000003040aaafbf5000200090018
01:33:52.379,5a5a5a5a55aa002263bb440002d0002100000001
01:33:52.390,000a04185a5a5a5a
01:33:52.588,55aa1890013c000003050ab4fbf4000200090018
01:33:52.590,5a5a5a5a55aa002263bc440002d0002100000001
01:33:52.596,000a04185a5a5a5a
01:33:52.781,55aa18880162000003050aaafbf7000200090018
01:33:52.783,5a5a5a5a55aa002263bc440002d0002100000001
01:33:52.797,000a04185a5a5a5a
01:33:52.991,55aa18780172000003060b36fbf5000200090018
01:33:52.993,5a5a5a5a55aa002263bd440002d0002100000001
01:33:53.022,000a04185a5a5a5a
01:33:53.188,55aa1860018e000003070dcafbf6000200090018
01:33:53.190,5a5a5a5a55aa002263be440002d0002100000001
01:33:53.200,000a04185a5a5a5a
01:33:53.398,55aa185001a1000003080a64fbf9000200090018
01:33:53.400,5a5a5a5a55aa002263bf440002d0002100000001
01:33:53.410,000a04185a5a5a5a
01:33:53.593,55aa184801bf000003090820fbf9000200090018
01:33:53.607,5a5a5a5a55aa002263c0440002d0002100000001
01:33:53.623,000a04185a5a5a5a
01:33:53.803,55aa184801cc0000030a05a0fbf9000200090018
01:33:53.805,5a5a5a5a55aa002263c1440002d0002100000001
01:33:53.816,000a04185a5a5a5a
01:33:54.010,55aa184801d70000030b0366fbfb000200090018
01:33:54.013,5a5a5a5a55aa002263c2440002d0002100000001
01:33:54.018,000a04185a5a5a5a
01:33:54.208,55aa184801ca0000030c02e4fbf9000200090018
01:33:54.210,5a5a5a5a55aa002263c3440002d0002100000001
01:33:54.221,000a04185a5a5a5a
01:33:54.417,55aa185001bc0000030c0302fbfb000200090018
01:33:54.419,5a5a5a5a55aa002263c3440002d0002100000001
01:33:54.431,000a04185a5a5a5a
01:33:54.613,55aa185801c10000030d0366fc00000200090018
01:33:54.628,5a5a5a5a55aa002263c4440002d0002100000001
01:33:54.635,000a04185a5a5a5a
01:33:54.823,55aa185801d30000030e0348fbff000200090018
01:33:54.825,5a5a5a5a55aa002263c5440002d0002100000001
01:33:54.836,000a04185a5a5a5a
01:33:55.032,55aa185801c80000030f060efc02000200090018
01:33:55.034,5a5a5a5a55aa002263c6440002d0002100000001
01:33:55.039,000a04185a5a5a5a
01:33:55.228,55aa185801dc00000310030cfc08000200090018
01:33:55.231,5a5a5a5a55aa002263c7440002d0002100000001
01:33:55.241,000a04185a5a5a5a
01:33:55.439,55aa186001dd0000031100e6fc04000200090018
01:33:55.441,5a5a5a5a55aa002263c8440002d0002100000001
01:33:55.452,000a04185a5a5a5a
01:33:55.632,55aa186801d600000312ff88fc00000200090018
01:33:55.649,5a5a5a5a55aa002263c9440002d0002100000001
01:33:55.654,000a04185a5a5a5a
01:33:55.843,55aa187001bc00000313fe2afc09000200090018
01:33:55.845,5a5a5a5a55aa002263ca440002d0002100000001
01:33:55.856,000a04185a5a5a5a
01:33:56.054,55aa187801a600000314ff6afc04000200090018
01:33:56.056,5a5a5a5a55aa002263cb440002d0002100000001
01:33:56.061,000a04185a5a5a5a
01:33:56.249,55aa187801a300000315005afc05000200090018
01:33:56.251,5a5a5a5a55aa002263cc440002d0002100000001
01:33:56.261,000a04185a5a5a5a
01:33:56.459,55aa188001a400000316ffc4fc05000200090018
01:33:56.461,5a5a5a5a55aa002263cd440002d0002100000001
01:33:56.471,000a04185a5a5a5a
01:33:56.654,55aa1880019100000316014afc09000200090018
01:33:56.668,5a5a5a5a55aa002263cd440002d0002100000001
01:33:56.674,000a04185a5a5a5a
01:33:56.863,55aa188801900000031702d0fc08000200090018
01:33:56.865,5a5a5a5a55aa002263ce440002d0002100000001
01:33:56.876,000a04185a5a5a5a
01:33:57.074,55aa188801930000031804e2fc0b000200090018
01:33:57.076,5a5a5a5a55aa002263cf440002d0002100000001
01:33:57.082,000a04185a5a5a5a
01:33:57.269,55aa188001ac0000031904e2fc12000200090018
01:33:57.271,5a5a5a5a55aa002263d0440002d0002100000001
01:33:57.282,000a04185a5a5a5a
01:33:57.477,55aa188001a90000031a0424fc0d000200090018
01:33:57.479,5a5a5a5a55aa002263d1440002d0002100000001
01:33:57.492,000a04185a5a5a5a
01:33:57.674,55aa188001990000031b0190fc12000200090018
01:33:57.689,5a5a5a5a55aa002263d2440002d0002100000001
01:33:57.694,000a04185a5a5a5a
01:33:57.884,55aa188001a40000031bfed4fc0e000200090018
01:33:57.887,5a5a5a5a55aa002263d2440002d0002100000001
01:33:57.900,000a04185a5a5a5a
01:33:58.092,55aa188801950000031cfefcfc13000200090018
01:33:58.094,5a5a5a5a55aa002263d3440002d0002100000001
01:33:58.099,000a04185a5a5a5a
01:33:58.288,55aa1890018f0000031dfb50fc12000200090018
01:33:58.290,5a5a5a5a55aa002263d4440002d0002100000001
01:33:58.302,000a04185a5a5a5a
01:33:58.498,55aa1898016f0000031efe02fc12000200090018
01:33:58.500,5a5a5a5a55aa002263d5440002d0002100000001
01:33:58.512,000a04185a5a5a5a
01:33:58.694,55aa1898017e0000031fff56fc13000200090018
01:33:58.709,5a5a5a5a55aa002263d6440002d0002100000001
01:33:58.715,000a04185a5a5a5a
01:33:58.904,55aa18a001610000031f0000fc17000200090018
01:33:58.907,5a5a5a5a55aa002263d6440002d0002100000001
01:33:58.917,000a04185a5a5a5a
01:33:59.114,55aa18a0014800000320fdb2fc14000200090018
01:33:59.116,5a5a5a5a55aa002263d7440002d0002100000001
01:33:59.121,000a04185a5a5a5a
01:33:59.308,55aa18a00157000003210280fc12000200090018
01:33:59.324,5a5a5a5a55aa002263d8440002d0002100000001
01:33:59.331,000a04185a5a5a5a
01:33:59.533,55aa18a0015b00000321050afc0f000200090018
01:33:59.535,5a5a5a5a55aa002263d8440002d0002100000001
01:33:59.540,000a04185a5a5a5a
01:33:59.715,55aa18980175000003220226fc1b000200090018
01:33:59.730,5a5a5a5a55aa002263d9440002d0002100000001
01:33:59.735,000a04185a5a5a5a
01:33:59.925,55aa18980164000003230500fc1c000200090018
01:33:59.936,5a5a5a5a55aa002263da440002d0002100000001
01:33:59.942,000a04185a5a5a5a
01:34:00.133,55aa1890017f00000324064afc1c000200090018
01:34:00.150,5a5a5a5a55aa002263db440002d0002100000001
01:34:00.155,000a04185a5a5a5a
01:34:00.330,55aa1890018a0000032405fafc19000200090018
01:34:00.332,5a5a5a5a55aa002263db440002d0002100000001
01:34:00.349,000a04185a5a5a5a
01:34:00.555,55aa18880172000003250672fc1a000200090018
01:34:00.557,5a5a5a5a55aa002263dc440002d0002100000001
01:34:00.562,000a04185a5a5a5a
01:34:00.733,55aa1880018b000003260636fc19000200090018
01:34:00.750,5a5a5a5a55aa002263dd440002d0002100000001
01:34:00.756,000a04185a5a5a5a
01:34:00.945,55aa188001a60000032704f6fc1f000200090018
01:34:00.947,5a5a5a5a55aa002263de440002d0002100000001
01:34:00.957,000a04185a5a5a5a
01:34:01.141,55aa188001a50000032804bafc1f000200090018
01:34:01.155,5a5a5a5a55aa002263df440002d0002100000001
01:34:01.161,000a04185a5a5a5a
01:34:01.349,55aa1880019600000329058cfc1e000200090018
01:34:01.351,5a5a5a5a55aa002263e0440002d0002100000001
01:34:01.363,000a04185a5a5a5a
01:34:01.560,55aa187801a80000032904c4fc20000200090018
01:34:01.563,5a5a5a5a55aa002263e0440002d0002100000001
01:34:01.575,000a04185a5a5a5a
01:34:01.755,55aa187801b90000032a0442fc20000200090018
01:34:01.770,5a5a5a5a55aa002263e1440002d0002100000001
01:34:01.775,000a04185a5a5a5a
01:34:01.965,55aa187801be0000032b02d0fc20000200090018
01:34:01.968,5a5a5a5a55aa002263e2440002d0002100000001
01:34:01.977,000a04185a5a5a5a
01:34:02.160,55aa187001c70000032c0546fc28000200090018
01:34:02.175,5a5a5a5a55aa002263e3440002d0002100000001
01:34:02.181,000a04185a5a5a5a
01:34:02.370,55aa187801d90000032d029efc24000200090018
01:34:02.372,5a5a5a5a55aa002263e4440002d0002100000001
01:34:02.384,000a04185a5a5a5a
01:34:02.596,55aa187801bc0000032e0474fc25000200090018
01:34:02.598,5a5a5a5a55aa002263e5440002d0002100000001
01:34:02.602,000a04185a5a5a5a
01:34:02.775,55aa187801c40000032f0348fc27000200090018
01:34:02.778,5a5a5a5a55aa002263e6440002d0002100000001
01:34:02.789,000a04185a5a5a5a
01:34:02.985,55aa187801ce0000033002a8fc2a000200090018
01:34:02.987,5a5a5a5a55aa002263e7440002d0002100000001
01:34:02.999,000a04185a5a5a5a
01:34:03.181,55aa187801bd000003310366fc29000200090018
01:34:03.196,5a5a5a5a55aa002263e8440002d0002100000001
01:34:03.202,000a04185a5a5a5a
01:34:03.389,55aa187801c10000033206b8fc2b000200090018
01:34:03.391,5a5a5a5a55aa002263e9440002d0002100000001
01:34:03.403,000a04185a5a5a5a
01:34:03.601,55aa187001d90000033304e2fc2b000200090018
01:34:03.603,5a5a5a5a55aa002263ea440002d0002100000001
01:34:03.609,000a04185a5a5a5a
01:34:03.796,55aa187001da0000033402f8fc30000200090018
01:34:03.798,5a5a5a5a55aa002263eb440002d0002100000001
01:34:03.809,000a04185a5a5a5a
01:34:04.006,55aa187001db0000033503defc31000200090018
01:34:04.009,5a5a5a5a55aa002263ec440002d0002100000001
01:34:04.018,000a04185a5a5a5a
01:34:04.199,55aa187001de0000033503fcfc2b000200090018
01:34:04.216,5a5a5a5a55aa002263ec440002d0002100000001
01:34:04.222,000a04185a5a5a5a
01:34:04.411,55aa187001e6000003360244fc2c000200090018
01:34:04.414,5a5a5a5a55aa002263ed440002d0002100000001
01:34:04.440,000a04185a5a5a5a
01:34:04.622,55aa187001d400000337062cfc2d000200090018
01:34:04.624,5a5a5a5a55aa002263ee440002d0002100000001
01:34:04.629,000a04185a5a5a5a
01:34:04.817,55aa187001d80000033803f2fc30000200090018
01:34:04.819,5a5a5a5a55aa002263ef440002d0002100000001
01:34:04.829,000a04185a5a5a5a
01:34:05.027,55aa187001e700000339058cfc33000200090018
01:34:05.042,5a5a5a5a55aa002263f0440002d0002100000001
01:34:05.047,000a04185a5a5a5a
01:34:05.222,55aa186801e70000033a0546fc32000200090018
01:34:05.236,5a5a5a5a55aa002263f1440002d0002100000001
01:34:05.243,000a04185a5a5a5a
01:34:05.431,55aa186801e70000033b07d0fc2e000200090018
01:34:05.433,5a5a5a5a55aa002263f2440002d0002100000001
01:34:05.446,000a04185a5a5a5a
01:34:05.642,55aa186001f40000033c0460fc2f000200090018
01:34:05.644,5a5a5a5a55aa002263f3440002d0002100000001
01:34:05.650,000a04185a5a5a5a
01:34:05.835,55aa186001f20000033d03cafc34000200090018
01:34:05.838,5a5a5a5a55aa002263f4440002d0002100000001
01:34:05.850,000a04185a5a5a5a
01:34:06.047,55aa186001f10000033e02a8fc37000200090018
01:34:06.049,5a5a5a5a55aa002263f5440002d0002100000001
01:34:06.062,000a04185a5a5a5a
01:34:06.242,55aa186801ff0000033f056efc3b000200090018
01:34:06.257,5a5a5a5a55aa002263f6440002d0002100000001
01:34:06.262,000a04185a5a5a5a
01:34:06.452,55aa186001fd000003400500fc3b000200090018
01:34:06.455,5a5a5a5a55aa002263f7440002d0002100000001
01:34:06.465,000a04185a5a5a5a
01:34:06.662,55aa186002010000034202bcfc3a000200090018
01:34:06.664,5a5a5a5a55aa002263f9440002d0002100000001
01:34:06.669,000a04185a5a5a5a
01:34:06.857,55aa186001fe0000034302dafc3e000200090018
01:34:06.859,5a5a5a5a55aa002263fa440002d0002100000001
01:34:06.870,000a04185a5a5a5a
01:34:07.065,55aa186801f8000003440050fc38000200090018
01:34:07.067,5a5a5a5a55aa002263fb440002d0002100000001
01:34:07.080,000a04185a5a5a5a
01:34:07.262,55aa186801ec00000345021cfc3f000200090018
01:34:07.264,5a5a5a5a55aa002263fc440002d0002100000001
01:34:07.275,000a04185a5a5a5a
01:34:07.470,55aa186801f4000003460122fc40000200090018
01:34:07.473,5a5a5a5a55aa002263fd440002d0002100000001
01:34:07.485,000a04185a5a5a5a
01:34:07.668,55aa187002030000034704ecfc39000200090018
01:34:07.682,5a5a5a5a55aa002263fe440002d0002100000001
01:34:07.688,000a04185a5a5a5a
01:34:07.877,55aa187001f3000003480230fc3a000200090018
01:34:07.879,5a5a5a5a55aa002263ff440002d0002100000001
01:34:07.890,000a04185a5a5a5a
01:34:08.087,55aa187001fe000003490154fc3e000200090018
01:34:08.090,5a5a5a5a55aa00226400440002d0002100000001
01:34:08.100,000a04185a5a5a5a
01:34:08.282,55aa187001e80000034a03e8fc3c000200090018
01:34:08.309,5a5a5a5a55aa00226401440002d0002100000001
01:34:08.315,000a04185a5a5a5a
01:34:08.491,55aa187001e80000034b04cefc43000200090018
01:34:08.493,5a5a5a5a55aa00226402440002d0002100000001
01:34:08.523,000a04185a5a5a5a
01:34:08.688,55aa187001ea0000034c02d0fc41000200090018
01:34:08.703,5a5a5a5a55aa00226403440002d0002100000001
01:34:08.709,000a04185a5a5a5a
01:34:08.898,55aa187001e90000034d02d0fc42000200090018
01:34:08.900,5a5a5a5a55aa00226404440002d0002100000001
01:34:08.910,000a04185a5a5a5a
01:34:09.108,55aa187001e90000034e0456fc45000200090018
01:34:09.110,5a5a5a5a55aa00226405440002d0002100000001
01:34:09.115,000a04185a5a5a5a
01:34:09.303,55aa187801e90000034f041afc46000200090018
01:34:09.305,5a5a5a5a55aa00226406440002d0002100000001
01:34:09.317,000a04185a5a5a5a
01:34:09.528,55aa187801e80000035004b0fc49000200090018
01:34:09.530,5a5a5a5a55aa00226407440002d0002100000001
01:34:09.536,000a04185a5a5a5a
01:34:09.710,55aa187801e800000351030cfc48000200090018
01:34:09.723,5a5a5a5a55aa00226408440002d0002100000001
01:34:09.728,000a04185a5a5a5a
01:34:09.918,55aa187801e7000003520294fc4a000200090018
01:34:09.921,5a5a5a5a55aa00226409440002d0002100000001
01:34:09.931,000a04185a5a5a5a
01:34:10.128,55aa187801e70000035304f6fc49000200090018
01:34:10.130,5a5a5a5a55aa0022640a440002d0002100000001
01:34:10.146,000a04185a5a5a5a
01:34:10.338,55aa187001e7000003540532fc4a000200090018
01:34:10.340,5a5a5a5a55aa0022640b440002d0002100000001
01:34:10.343,000a04185a5a5a5a
01:34:10.533,55aa187001ff000003550604fc4b000200090018
01:34:10.535,5a5a5a5a55aa0022640c440002d0002100000001
01:34:10.561,000a04185a5a5a5a
01:34:10.728,55aa1868020200000356053cfc4c000200090018
01:34:10.744,5a5a5a5a55aa0022640d440002d0002100000001
01:34:10.749,000a04185a5a5a5a
01:34:10.939,55aa186801f400000357041afc4c000200090018
01:34:10.941,5a5a5a5a55aa0022640e440002d0002100000001
01:34:10.951,000a04185a5a5a5a
01:34:11.149,55aa186801f60000035803b6fc4b000200090018
01:34:11.151,5a5a5a5a55aa0022640f440002d0002100000001
01:34:11.156,000a04185a5a5a5a
01:34:11.344,55aa186801eb000003590384fc4c000200090018
01:34:11.346,5a5a5a5a55aa00226410440002d0002100000001
01:34:11.357,000a04185a5a5a5a
01:34:11.552,55aa186801f60000035a02a8fc4f000200090018
01:34:11.554,5a5a5a5a55aa00226411440002d0002100000001
01:34:11.566,000a04185a5a5a5a
01:34:11.749,55aa186801ea0000035b01e0fc51000200090018
01:34:11.762,5a5a5a5a55aa00226412440002d0002100000001
01:34:11.767,000a04185a5a5a5a
01:34:11.959,55aa186801fc0000035c046afc4f000200090018
01:34:11.962,5a5a5a5a55aa00226413440002d0002100000001
01:34:11.971,000a04185a5a5a5a
01:34:12.169,55aa186801fa0000035d0208fc53000200090018
01:34:12.171,5a5a5a5a55aa00226414440002d0002100000001
01:34:12.177,000a04185a5a5a5a
01:34:12.364,55aa187001f90000035e035cfc4f000200090018
01:34:12.366,5a5a5a5a55aa00226415440002d0002100000001
01:34:12.377,000a04185a5a5a5a
01:34:12.574,55aa186802070000035f04c4fc52000200090018
01:34:12.576,5a5a5a5a55aa00226416440002d0002100000001
01:34:12.586,000a04185a5a5a5a
01:34:12.769,55aa1868020a000003600258fc4f000200090018
01:34:12.783,5a5a5a5a55aa00226417440002d0002100000001
01:34:12.789,000a04185a5a5a5a
01:34:12.979,55aa187001f90000036102dafc54000200090018
01:34:12.981,5a5a5a5a55aa00226418440002d0002100000001
01:34:12.994,000a04185a5a5a5a
01:34:13.190,55aa187001f3000003620244fc52000200090018
01:34:13.192,5a5a5a5a55aa00226419440002d0002100000001
01:34:13.198,000a04185a5a5a5a
01:34:13.385,55aa187001f9000003630226fc54000200090018
01:34:13.387,5a5a5a5a55aa0022641a440002d0002100000001
01:34:13.397,000a04185a5a5a5a
01:34:13.593,55aa187001f90000036402eefc57000200090018
01:34:13.596,5a5a5a5a55aa0022641b440002d0002100000001
01:34:13.608,000a04185a5a5a5a
01:34:13.804,55aa187801fe0000036502b2fc58000200090018
01:34:13.807,5a5a5a5a55aa0022641c440002d0002100000001
01:34:13.812,000a04185a5a5a5a
01:34:13.998,55aa1878020400000366033efc59000200090018
01:34:14.000,5a5a5a5a55aa0022641d440002d0002100000001
01:34:14.013,000a04185a5a5a5a
01:34:14.210,55aa187801f50000036701ccfc5c000200090018
01:34:14.212,5a5a5a5a55aa0022641e440002d0002100000001
01:34:14.218,000a04185a5a5a5a
01:34:14.405,55aa187801ec0000036802a8fc5b000200090018
01:34:14.407,5a5a5a5a55aa0022641f440002d0002100000001
01:34:14.417,000a04185a5a5a5a
01:34:14.615,55aa187801f10000036904bafc5e000200090018
01:34:14.617,5a5a5a5a55aa00226420440002d0002100000001
01:34:14.628,000a04185a5a5a5a
01:34:14.810,55aa1878020a0000036a042efc5d000200090018
01:34:14.825,5a5a5a5a55aa00226421440002d0002100000001
01:34:14.830,000a04185a5a5a5a
01:34:15.020,55aa187002050000036c03a2fc65000200090018
01:34:15.022,5a5a5a5a55aa00226423440002d0002100000001
01:34:15.033,000a04185a5a5a5a
01:34:15.230,55aa187002010000036d0276fc60000200090018
01:34:15.233,5a5a5a5a55aa00226424440002d0002100000001
01:34:15.238,000a04185a5a5a5a
01:34:15.426,55aa187001ff0000036e01fefc61000200090018
01:34:15.428,5a5a5a5a55aa00226425440002d0002100000001
01:34:15.438,000a04185a5a5a5a
01:34:15.635,55aa187802040000036f01ccfc61000200090018
01:34:15.637,5a5a5a5a55aa00226426440002d0002100000001
01:34:15.648,000a04185a5a5a5a
01:34:15.830,55aa187801f600000370046afc63000200090018
01:34:15.845,5a5a5a5a55aa00226427440002d0002100000001
01:34:15.850,000a04185a5a5a5a
01:34:16.040,55aa187801e900000371026cfc67000200090018
01:34:16.042,5a5a5a5a55aa00226428440002d0002100000001
01:34:16.054,000a04185a5a5a5a
01:34:16.237,55aa187801eb00000372044cfc68000200090018
01:34:16.247,5a5a5a5a55aa00226429440002d0002100000001
01:34:16.253,000a04185a5a5a5a
01:34:16.460,55aa187801f1000003730352fc69000200090018
01:34:16.463,5a5a5a5a55aa0022642a440002d0002100000001
01:34:16.468,000a04185a5a5a5a
01:34:16.671,55aa187801f300000374041afc68000200090018
01:34:16.673,5a5a5a5a55aa0022642b440002d0002100000001
01:34:16.678,000a04185a5a5a5a
01:34:16.849,55aa187001fe00000375033efc68000200090018
01:34:16.851,5a5a5a5a55aa0022642c440002d0002100000001
01:34:16.864,000a04185a5a5a5a
01:34:17.061,55aa187002000000037604e2fc68000200090018
01:34:17.063,5a5a5a5a55aa0022642d440002d0002100000001
01:34:17.075,000a04185a5a5a5a
01:34:17.255,55aa1870020400000377046afc68000200090018
01:34:17.300,5a5a5a5a55aa0022642e440002d0002100000001
01:34:17.306,000a04185a5a5a5a
01:34:17.466,55aa18700205000003780492fc6a000200090018
01:34:17.469,5a5a5a5a55aa0022642f440002d0002100000001
01:34:17.478,000a04185a5a5a5a
01:34:17.676,55aa1868020600000379060efc70000200090018
01:34:17.691,5a5a5a5a55aa00226430440002d0002100000001
01:34:17.696,000a04185a5a5a5a
01:34:17.871,55aa186802130000037a0280fc6f000200090018
01:34:17.873,5a5a5a5a55aa00226431440002d0002100000001
01:34:17.884,000a04185a5a5a5a
01:34:18.081,55aa186802050000037b0528fc6b000200090018
01:34:18.083,5a5a5a5a55aa00226432440002d0002100000001
01:34:18.097,000a04185a5a5a5a
01:34:18.276,55aa186801fb0000037c05aafc6b000200090018
01:34:18.289,5a5a5a5a55aa00226433440002d0002100000001
01:34:18.295,000a04185a5a5a5a
01:34:18.501,55aa186802110000037d0456fc6e000200090018
01:34:18.503,5a5a5a5a55aa00226434440002d0002100000001
01:34:18.507,000a04185a5a5a5a
01:34:18.697,55aa186802130000037e026cfc6e000200090018
01:34:18.699,5a5a5a5a55aa00226435440002d0002100000001
01:34:18.704,000a04185a5a5a5a
01:34:18.892,55aa186802130000037f0370fc73000200090018
01:34:18.894,5a5a5a5a55aa00226436440002d0002100000001
01:34:18.922,000a04185a5a5a5a
01:34:19.101,55aa1868021300000380000afc77000200090018
01:34:19.103,5a5a5a5a55aa00226437440002d0002100000001
01:34:19.161,000a04185a5a5a5a
01:34:19.297,55aa187001fa00000381014afc77000200090018
01:34:19.310,5a5a5a5a55aa00226438440002d0002100000001
01:34:19.316,000a04185a5a5a5a
01:34:19.506,55aa187001f4000003830168fc72000200090018
01:34:19.508,5a5a5a5a55aa0022643a440002d0002100000001
01:34:19.519,000a04185a5a5a5a
01:34:19.717,55aa187801f3000003840104fc77000200090018
01:34:19.719,5a5a5a5a55aa0022643b440002d0002100000001
01:34:19.724,000a04185a5a5a5a
01:34:19.910,55aa187802050000038500fafc74000200090018
01:34:19.913,5a5a5a5a55aa0022643c440002d0002100000001
01:34:19.924,000a04185a5a5a5a
01:34:20.136,55aa188001f1000003860050fc75000200090018
01:34:20.138,5a5a5a5a55aa0022643d440002d0002100000001
01:34:20.144,000a04185a5a5a5a
01:34:20.331,55aa188001f700000387005afc77000200090018
01:34:20.334,5a5a5a5a55aa0022643e440002d0002100000001
01:34:20.339,000a04185a5a5a5a
01:34:20.527,55aa188801e80000038800aafc79000200090018
01:34:20.529,5a5a5a5a55aa0022643f440002d0002100000001
01:34:20.540,000a04185a5a5a5a
01:34:20.737,55aa188801d3000003890424fc78000200090018
01:34:20.740,5a5a5a5a55aa00226440440002d0002100000001
01:34:20.745,000a04185a5a5a5a
01:34:20.931,55aa188801e30000038a01fefc7b000200090018
01:34:20.934,5a5a5a5a55aa00226441440002d0002100000001
01:34:20.945,000a04185a5a5a5a
01:34:21.140,55aa188801e60000038b029efc75000200090018
01:34:21.143,5a5a5a5a55aa00226442440002d0002100000001
01:34:21.155,000a04185a5a5a5a
01:34:21.337,55aa188801cc0000038c019afc79000200090018
01:34:21.352,5a5a5a5a55aa00226443440002d0002100000001
01:34:21.358,000a04185a5a5a5a
01:34:21.545,55aa188801e60000038d0370fc76000200090018
01:34:21.547,5a5a5a5a55aa00226444440002d0002100000001
01:34:21.577,000a04185a5a5a5a
01:34:21.757,55aa188001df0000038e04d8fc80000200090018
01:34:21.759,5a5a5a5a55aa00226445440002d0002100000001
01:34:21.765,000a04185a5a5a5a
01:34:21.952,55aa188001e70000038f0316fc84000200090018
01:34:21.954,5a5a5a5a55aa00226446440002d0002100000001
01:34:21.965,000a04185a5a5a5a
01:34:22.160,55aa188001fa0000039001eafc87000200090018
01:34:22.163,5a5a5a5a55aa00226447440002d0002100000001
01:34:22.175,000a04185a5a5a5a
01:34:22.358,55aa188001ea0000039100c8fc83000200090018
01:34:22.371,5a5a5a5a55aa00226448440002d0002100000001
01:34:22.376,000a04185a5a5a5a
01:34:22.567,55aa188801e8000003920208fc7d000200090018
01:34:22.570,5a5a5a5a55aa00226449440002d0002100000001
01:34:22.580,000a04185a5a5a5a
01:34:22.777,55aa188801e8000003930046fc82000200090018
01:34:22.780,5a5a5a5a55aa0022644a440002d0002100000001
01:34:22.785,000a04185a5a5a5a
01:34:22.971,55aa188801e4000003930046fc84000200090018
01:34:22.973,5a5a5a5a55aa0022644a440002d0002100000001
01:34:23.003,000a04185a5a5a5a
01:34:23.182,55aa189001dc00000394003cfc85000200090018
01:34:23.184,5a5a5a5a55aa0022644b440002d0002100000001
01:34:23.195,000a04185a5a5a5a
01:34:23.378,55aa189001c300000395019afc86000200090018
01:34:23.380,5a5a5a5a55aa0022644c440002d0002100000001
01:34:23.408,000a04185a5a5a5a
01:34:23.589,55aa189001be0000039602c6fc89000200090018
01:34:23.603,5a5a5a5a55aa0022644d440002d0002100000001
01:34:23.610,000a04185a5a5a5a
01:34:23.798,55aa189001ce0000039703f2fc8a000200090018
01:34:23.800,5a5a5a5a55aa0022644e440002d0002100000001
01:34:23.805,000a04185a5a5a5a
01:34:23.993,55aa188801d300000398033efc8a000200090018
01:34:23.995,5a5a5a5a55aa0022644f440002d0002100000001
01:34:24.006,000a04185a5a5a5a
01:34:24.203,55aa188801cd0000039902eefc85000200090018
01:34:24.205,5a5a5a5a55aa00226450440002d0002100000001
01:34:24.215,000a04185a5a5a5a
01:34:24.398,55aa188801ce0000039aff6afc88000200090018
01:34:24.401,5a5a5a5a55aa00226451440002d0002100000001
01:34:24.428,000a04185a5a5a5a
01:34:24.608,55aa188801bd0000039b04cefc8e000200090018
01:34:24.611,5a5a5a5a55aa00226452440002d0002100000001
01:34:24.621,000a04185a5a5a5a
01:34:24.801,55aa188801db0000039c028afc8c000200090018
01:34:24.818,5a5a5a5a55aa00226453440002d0002100000001
01:34:24.823,000a04185a5a5a5a
01:34:25.014,55aa188801ca0000039d0190fc8c000200090018
01:34:25.016,5a5a5a5a55aa00226454440002d0002100000001
01:34:25.026,000a04185a5a5a5a
01:34:25.223,55aa188801d40000039e02bcfc8a000200090018
01:34:25.226,5a5a5a5a55aa00226455440002d0002100000001
01:34:25.231,000a04185a5a5a5a
01:34:25.419,55aa188801c30000039f028afc8e000200090018
01:34:25.421,5a5a5a5a55aa00226456440002d0002100000001
01:34:25.431,000a04185a5a5a5a
01:34:25.629,55aa188801bc000003a00442fc8d000200090018
01:34:25.631,5a5a5a5a55aa00226457440002d0002100000001
01:34:25.641,000a04185a5a5a5a
01:34:25.838,55aa188001d4000003a105d2fc8d000200090018
01:34:25.841,5a5a5a5a55aa00226458440002d0002100000001
01:34:25.846,000a04185a5a5a5a
01:34:26.048,55aa188001cd000003a20668fc92000200090018
01:34:26.051,5a5a5a5a55aa00226459440002d0002100000001
01:34:26.064,000a04185a5a5a5a
01:34:26.257,55aa187801e7000003a303fcfc93000200090018
01:34:26.259,5a5a5a5a55aa0022645a440002d0002100000001
01:34:26.265,000a04185a5a5a5a
01:34:26.439,55aa187801e3000003a4067cfc95000200090018
01:34:26.442,5a5a5a5a55aa0022645b440002d0002100000001
01:34:26.451,000a04185a5a5a5a
01:34:26.647,55aa187001f1000003a5028afc91000200090018
01:34:26.649,5a5a5a5a55aa0022645c440002d0002100000001
01:34:26.662,000a04185a5a5a5a
01:34:26.844,55aa187001eb000003a60348fc90000200090018
01:34:26.859,5a5a5a5a55aa0022645d440002d0002100000001
01:34:26.865,000a04185a5a5a5a
01:34:27.084,55aa187801d8000003a70460fc93000200090018
01:34:27.086,5a5a5a5a55aa0022645e440002d0002100000001
01:34:27.092,000a04185a5a5a5a
01:34:27.264,55aa187801e7000003a80244fc95000200090018
01:34:27.266,5a5a5a5a55aa0022645f440002d0002100000001
01:34:27.271,000a04185a5a5a5a
01:34:27.459,55aa187801e7000003a90078fc9b000200090018
01:34:27.461,5a5a5a5a55aa00226460440002d0002100000001
01:34:27.472,000a04185a5a5a5a
01:34:27.669,55aa188001cd000003a904b0fc9a000200090018
01:34:27.672,5a5a5a5a55aa00226460440002d0002100000001
01:34:27.689,000a04185a5a5a5a
01:34:27.865,55aa188001aa000003aa03f2fc95000200090018
01:34:27.879,5a5a5a5a55aa00226461440002d0002100000001
01:34:27.884,000a04185a5a5a5a
01:34:28.073,55aa188001bd000003ab04f6fc99000200090018
01:34:28.089,5a5a5a5a55aa00226462440002d0002100000001
01:34:28.095,000a04185a5a5a5a
01:34:28.280,55aa187801d7000003ac06ccfc9b000200090018
01:34:28.282,5a5a5a5a55aa00226463440002d0002100000001
01:34:28.286,000a04185a5a5a5a
01:34:28.479,55aa187801de000003ad042efca2000200090018
01:34:28.482,5a5a5a5a55aa00226464440002d0002100000001
01:34:28.492,000a04185a5a5a5a
01:34:28.688,55aa187001e7000003ae055afc9e000200090018
01:34:28.690,5a5a5a5a55aa00226465440002d0002100000001
01:34:28.703,000a04185a5a5a5a
01:34:28.883,55aa187001e8000003af0122fc9e000200090018
01:34:28.900,5a5a5a5a55aa00226466440002d0002100000001
01:34:28.905,000a04185a5a5a5a
01:34:29.095,55aa187801d6000003b002bcfc9f000200090018
01:34:29.097,5a5a5a5a55aa00226467440002d0002100000001
01:34:29.108,000a04185a5a5a5a
01:34:29.305,55aa187801e5000003b104ecfca4000200090018
01:34:29.307,5a5a5a5a55aa00226468440002d0002100000001
01:34:29.312,000a04185a5a5a5a
01:34:29.498,55aa18780202000003b2000afc9e000200090018
01:34:29.501,5a5a5a5a55aa00226469440002d0002100000001
01:34:29.513,000a04185a5a5a5a
01:34:29.710,55aa188001e9000003b3faf6fca3000200090018
01:34:29.712,5a5a5a5a55aa0022646a440002d0002100000001
01:34:29.723,000a04185a5a5a5a
01:34:29.905,55aa188801bd000003b4f9b6fca7000200090018
01:34:29.920,5a5a5a5a55aa0022646b440002d0002100000001
01:34:29.925,000a04185a5a5a5a
01:34:30.115,55aa1890019a000003b5fb0afca9000200090018
01:34:30.117,5a5a5a5a55aa0022646c440002d0002100000001
01:34:30.128,000a04185a5a5a5a
01:34:30.325,55aa18980175000003b6fe52fca6000200090018
01:34:30.328,5a5a5a5a55aa0022646d440002d0002100000001
01:34:30.333,000a04185a5a5a5a
01:34:30.535,55aa18a00174000003b701a4fca5000200090018
01:34:30.539,5a5a5a5a55aa0022646e440002d0002100000001
01:34:30.545,000a04185a5a5a5a
01:34:30.729,55aa18a0017d000003b702bcfca5000200090018
01:34:30.745,5a5a5a5a55aa0022646e440002d0002100000001
01:34:30.751,000a04185a5a5a5a
01:34:30.941,55aa18a0017b000003b801a4fca5000200090018
01:34:30.943,5a5a5a5a55aa0022646f440002d0002100000001
01:34:30.948,000a04185a5a5a5a
01:34:31.135,55aa18980174000003b90500fcaa000200090018
01:34:31.137,5a5a5a5a55aa00226470440002d0002100000001
01:34:31.148,000a04185a5a5a5a
01:34:31.344,55aa189801a6000003ba02b2fcaa000200090018
01:34:31.346,5a5a5a5a55aa00226471440002d0002100000001
01:34:31.353,000a04185a5a5a5a
01:34:31.539,55aa189801a8000003bb0000fca7000200090018
01:34:31.541,5a5a5a5a55aa00226472440002d0002100000001
01:34:31.554,000a04185a5a5a5a
01:34:31.750,55aa1898018e000003bbff6afcae000200090018
01:34:31.753,5a5a5a5a55aa00226472440002d0002100000001
01:34:31.758,000a04185a5a5a5a
01:34:31.945,55aa18a00181000003bcffbafcad000200090018
01:34:31.961,5a5a5a5a55aa00226473440002d0002100000001
01:34:31.966,000a04185a5a5a5a
01:34:32.171,55aa18a0017a000003bd02d0fcaa000200090018
01:34:32.173,5a5a5a5a55aa00226474440002d0002100000001
01:34:32.179,000a04185a5a5a5a
01:34:32.366,55aa18980165000003be0514fcac000200090018
01:34:32.368,5a5a5a5a55aa00226475440002d0002100000001
01:34:32.373,000a04185a5a5a5a
01:34:32.557,55aa18980178000003be0758fcac000200090018
01:34:32.558,5a5a5a5a55aa00226475440002d0002100000001
01:34:32.587,000a04185a5a5a5a
01:34:32.786,55aa1890017d000003bf049cfcaf000200090018
01:34:32.788,5a5a5a5a55aa00226476440002d0002100000001
01:34:32.794,000a04185a5a5a5a
01:34:32.966,55aa18900174000003c00348fcb1000200090018
01:34:32.968,5a5a5a5a55aa00226477440002d0002100000001
01:34:32.978,000a04185a5a5a5a
01:34:33.176,55aa18900171000003c102d0fcb4000200090018
01:34:33.178,5a5a5a5a55aa00226478440002d0002100000001
01:34:33.206,000a04185a5a5a5a
01:34:33.371,55aa18880182000003c204b0fcb6000200090018
01:34:33.398,5a5a5a5a55aa00226479440002d0002100000001
01:34:33.404,000a04185a5a5a5a
01:34:33.595,55aa18880184000003c20398fcb4000200090018
01:34:33.598,5a5a5a5a55aa00226479440002d0002100000001
01:34:33.603,000a04185a5a5a5a
01:34:33.790,55aa18880181000003c30366fcb6000200090018
01:34:33.793,5a5a5a5a55aa0022647a440002d0002100000001
01:34:33.800,000a04185a5a5a5a
01:34:34.001,55aa18880174000003c40334fcaf000200090018
01:34:34.003,5a5a5a5a55aa0022647b440002d0002100000001
01:34:34.008,000a04185a5a5a5a
01:34:34.195,55aa18880177000003c5ffcefcb2000200090018
01:34:34.197,5a5a5a5a55aa0022647c440002d0002100000001
01:34:34.226,000a04185a5a5a5a
01:34:34.392,55aa18900163000003c5fed4fcb7000200090018
01:34:34.405,5a5a5a5a55aa0022647c440002d0002100000001
01:34:34.410,000a04185a5a5a5a
01:34:34.600,55aa18900147000003c6ff7efcb8000200090018
01:34:34.602,5a5a5a5a55aa0022647d440002d0002100000001
01:34:34.617,000a04185a5a5a5a
01:34:34.825,55aa18980136000003c7024efcb8000200090018
01:34:34.827,5a5a5a5a55aa0022647e440002d0002100000001
01:34:34.833,000a04185a5a5a5a
01:34:35.022,55aa18980151000003c704ecfcbc000200090018
01:34:35.024,5a5a5a5a55aa0022647e440002d0002100000001
01:34:35.030,000a04185a5a5a5a
01:34:35.217,55aa18900153000003c806f4fcb9000200090018
01:34:35.219,5a5a5a5a55aa0022647f440002d0002100000001
01:34:35.231,000a04185a5a5a5a
01:34:35.412,55aa18880159000003c90c12fcbc000200090018
01:34:35.427,5a5a5a5a55aa00226480440002d0002100000001
01:34:35.433,000a04185a5a5a5a
01:34:35.622,55aa18800173000003c905a0fcba000200090018
01:34:35.624,5a5a5a5a55aa00226480440002d0002100000001
01:34:35.635,000a04185a5a5a5a
01:34:35.832,55aa18780178000003ca050afcbd000200090018
01:34:35.834,5a5a5a5a55aa00226481440002d0002100000001
01:34:35.840,000a04185a5a5a5a
01:34:36.027,55aa18780172000003cb04cefcbd000200090018
01:34:36.029,5a5a5a5a55aa00226482440002d0002100000001
01:34:36.040,000a04185a5a5a5a
01:34:36.236,55aa18780176000003cc058cfcb8000200090018
01:34:36.238,5a5a5a5a55aa00226483440002d0002100000001
01:34:36.250,000a04185a5a5a5a
01:34:36.432,55aa18780174000003cc04bafcc0000200090018
01:34:36.446,5a5a5a5a55aa00226483440002d0002100000001
01:34:36.452,000a04185a5a5a5a
01:34:36.642,55aa1870018e000003cd0488fcbf000200090018
01:34:36.644,5a5a5a5a55aa00226484440002d0002100000001
01:34:36.656,000a04185a5a5a5a
01:34:36.852,55aa1878018f000003ce006efcbb000200090018
01:34:36.855,5a5a5a5a55aa00226485440002d0002100000001
01:34:36.860,000a04185a5a5a5a
01:34:37.047,55aa1878016e000003cf0640fcbd000200090018
01:34:37.049,5a5a5a5a55aa00226486440002d0002100000001
01:34:37.061,000a04185a5a5a5a
01:34:37.257,55aa1878018e000003d0047efcc3000200090018
01:34:37.259,5a5a5a5a55aa00226487440002d0002100000001
01:34:37.285,000a04185a5a5a5a
01:34:37.468,55aa18780186000003d00488fcc6000200090018
01:34:37.470,5a5a5a5a55aa00226487440002d0002100000001
01:34:37.476,000a04185a5a5a5a
01:34:37.678,55aa1878017d000003d104c4fcc7000200090018
01:34:37.680,5a5a5a5a55aa00226488440002d0002100000001
01:34:37.685,000a04185a5a5a5a
01:34:37.888,55aa1870018c000003d2044cfcc6000200090018
01:34:37.890,5a5a5a5a55aa00226489440002d0002100000001
01:34:37.895,000a04185a5a5a5a
01:34:38.082,55aa1870017f000003d30320fcc8000200090018
01:34:38.085,5a5a5a5a55aa0022648a440002d0002100000001
01:34:38.090,000a04185a5a5a5a
01:34:38.277,55aa18700181000003d4051efcc7000200090018
01:34:38.279,5a5a5a5a55aa0022648b440002d0002100000001
01:34:38.290,000a04185a5a5a5a
01:34:38.474,55aa18700193000003d503d4fcc6000200090018
01:34:38.488,5a5a5a5a55aa0022648c440002d0002100000001
01:34:38.499,000a04185a5a5a5a
01:34:38.684,55aa187001ab000003d503a2fccc000200090018
01:34:38.686,5a5a5a5a55aa0022648c440002d0002100000001
01:34:38.696,000a04185a5a5a5a
01:34:38.879,55aa187001ac000003d6ffe2fcc8000200090018
01:34:38.894,5a5a5a5a55aa0022648d440002d0002100000001
01:34:38.903,000a04185a5a5a5a
01:34:39.088,55aa18700198000003d7014afcc6000200090018
01:34:39.090,5a5a5a5a55aa0022648e440002d0002100000001
01:34:39.103,000a04185a5a5a5a
01:34:39.298,55aa187801a5000003d800fafccc000200090018
01:34:39.314,5a5a5a5a55aa0022648f440002d0002100000001
01:34:39.319,000a04185a5a5a5a
01:34:39.494,55aa187801b8000003d9fa24fcca000200090018
01:34:39.508,5a5a5a5a55aa00226490440002d0002100000001
01:34:39.514,000a04185a5a5a5a
01:34:39.703,55aa1880018f000003da0186fccc000200090018
01:34:39.706,5a5a5a5a55aa00226491440002d0002100000001
01:34:39.717,000a04185a5a5a5a
01:34:39.899,55aa18800194000003dafecafcd0000200090018
01:34:39.914,5a5a5a5a55aa00226491440002d0002100000001
01:34:39.919,000a04185a5a5a5a
