01:31:40.113,55aa18d0010a000000a7f11ef92d000100090018
01:31:40.114,5a5a5a5a55aa0022615e440002d0002100000001
01:31:40.126,000a04185a5a5a5a
01:31:40.307,55aa18d000c1000000a8ee8af92b000100090018
01:31:40.321,5a5a5a5a55aa0022615f440002d0002100000001
01:31:40.324,000a04185a5a5a5a
01:31:40.517,55aa18d80079000000a8f77cf92e000100090018
01:31:40.518,5a5a5a5a55aa0022615f440002d0002100000001
01:31:40.530,000a04185a5a5a5a
01:31:40.729,55aa18d80077000000a801f4f92c000100090018
01:31:40.730,5a5a5a5a55aa0022615f440002d0002100000001
01:31:40.733,000a04185a5a5a5a
01:31:40.922,55aa18d80087000000a805b4f932000100090018
01:31:40.923,5a5a5a5a55aa0022615f440002d0002100000001
01:31:40.935,000a04185a5a5a5a
01:31:41.133,55aa18d80095000000a90442f92d000100090018
01:31:41.133,5a5a5a5a55aa00226160440002d0002100000001
01:31:41.145,000a04185a5a5a5a
01:31:41.324,55aa18d0009b000000a9035cf931000100090018
01:31:41.339,5a5a5a5a55aa00226160440002d0002100000001
01:31:41.341,000a04185a5a5a5a
01:31:41.534,55aa18d800b0000000a9044cf936000100090018
01:31:41.535,5a5a5a5a55aa00226160440002d0002100000001
01:31:41.549,000a04185a5a5a5a
01:31:41.750,55aa18d000d6000000aa04baf933000100090018
01:31:41.757,5a5a5a5a55aa00226161440002d0002100000001
01:31:41.762,000a04185a5a5a5a
01:31:41.940,55aa18d000c6000000aa0212f93a000100090018
01:31:41.942,5a5a5a5a55aa00226161440002d0002100000001
01:31:41.955,000a04185a5a5a5a
01:31:42.151,55aa18d000cb000000abfda8f940000100090018
01:31:42.153,5a5a5a5a55aa00226162440002d0002100000001
01:31:42.166,000a04185a5a5a5a
01:31:42.350,55aa18d800b0000000abfc36f93f000100090018
01:31:42.362,5a5a5a5a55aa00226162440002d0002100000001
01:31:42.369,000a04185a5a5a5a
01:31:42.559,55aa18d800a5000000abf2d6f93d000100090018
01:31:42.561,5a5a5a5a55aa00226162440002d0002100000001
01:31:42.572,000a04185a5a5a5a
01:31:42.768,55aa18d80058000000acf72cf93a000100090018
01:31:42.770,5a5a5a5a55aa00226163440002d0002100000001
01:31:42.775,000a04185a5a5a5a
01:31:42.965,55aa18e00035000000acfd4ef941000100090018
01:31:42.967,5a5a5a5a55aa00226163440002d0002100000001
01:31:42.977,000a04185a5a5a5a
01:31:43.174,55aa18e00044000000acfc90f93c000100090018
01:31:43.177,5a5a5a5a55aa00226163440002d0002100000001
01:31:43.182,000a04185a5a5a5a
01:31:43.370,55aa18e00014000000acfeacf93d000100090018
01:31:43.385,5a5a5a5a55aa00226163440002d0002100000001
01:31:43.391,000a04185a5a5a5a
01:31:43.579,55aa18e0000f000000ac0064f93e000100090018
01:31:43.581,5a5a5a5a55aa00226163440002cf002100000001
01:31:43.593,000a04185a5a5a5a
01:31:43.788,55aa18e00001000000ac0028f93b000100090018
01:31:43.791,5a5a5a5a55aa00226163440002d0002100000001
01:31:43.796,000a04185a5a5a5a
01:31:43.984,55aa18e80000000000ac0104f93c000100090018
01:31:43.986,5a5a5a5a55aa00226163440002d0002100000001
01:31:43.998,000a04185a5a5a5a
01:31:44.195,55aa18e80097000000ac00e6f942000100090018
01:31:44.197,5a5a5a5a55aa00226163440002d0002100000001
01:31:44.203,000a04185a5a5a5a
01:31:44.390,55aa18e80165000000ad00dcf943000100090018
01:31:44.405,5a5a5a5a55aa00226164440002d0002100000001
01:31:44.411,000a04185a5a5a5a
01:31:44.601,55aa18e80207000000ae0082f947000100090018
01:31:44.603,5a5a5a5a55aa00226165440002d0002100000001
01:31:44.613,000a04185a5a5a5a
01:31:44.795,55aa18e80213000000af0064f941000100090018
01:31:44.810,5a5a5a5a55aa00226166440002d0002100000001
01:31:44.816,000a04185a5a5a5a
01:31:45.003,55aa18e80240000000b000aaf943000100090018
01:31:45.005,5a5a5a5a55aa00226167440002d0002100000001
01:31:45.018,000a04185a5a5a5a
01:31:45.216,55aa18e802d4000000b10140f94a000100090018
01:31:45.218,5a5a5a5a55aa00226168440002d0002100000001
01:31:45.225,000a04185a5a5a5a
01:31:45.411,55aa18e00365000000b30078f949000100090018
01:31:45.413,5a5a5a5a55aa0022616a440002d0002100000001
01:31:45.423,000a04185a5a5a5a
01:31:45.621,55aa18e00376000000b5005af949000100090018
01:31:45.623,5a5a5a5a55aa0022616c440002d0002100000001
01:31:45.633,000a04185a5a5a5a
01:31:45.815,55aa18e003a3000000b70096f947000100090018
01:31:45.828,5a5a5a5a55aa0022616e440002d0002100000001
01:31:45.834,000a04185a5a5a5a
01:31:46.025,55aa18e00424000000b9008cf945000100090018
01:31:46.028,5a5a5a5a55aa00226170440002d0002100000301
01:31:46.040,000a04185a5a5a5a
01:31:46.233,55aa18e004b6000000bb01a4f94b000100090018
01:31:46.235,5a5a5a5a55aa00226172440002d0002100000301
01:31:46.241,000a04185a5a5a5a
01:31:46.428,55aa18e0050f000000be00dcf951000100090018
01:31:46.430,5a5a5a5a55aa00226175440002d0002100000301
01:31:46.443,000a04185a5a5a5a
01:31:46.637,55aa18e00507000000c000aaf952000100090018
01:31:46.639,5a5a5a5a55aa00226177440002d0002100000301
01:31:46.651,000a04185a5a5a5a
01:31:46.834,55aa18e00519000000c30046f952000100090018
01:31:46.863,5a5a5a5a55aa0022617a440002d0002100000301
01:31:46.866,000a04185a5a5a5a
01:31:47.044,55aa18e00507000000c6000af94f000100090018
01:31:47.046,5a5a5a5a55aa0022617d440002d0002100000301
01:31:47.057,000a04185a5a5a5a
01:31:47.252,55aa18e00507000000c800bef951000100090018
01:31:47.254,5a5a5a5a55aa0022617f440002d0002100000301
01:31:47.257,000a04185a5a5a5a
01:31:47.447,55aa18e00507000000cb00c8f950000100090018
01:31:47.449,5a5a5a5a55aa00226182440002d0002100000301
01:31:47.462,000a04185a5a5a5a
01:31:47.658,55aa18e00507000000cd0122f952000100090018
01:31:47.660,5a5a5a5a55aa00226184440002d0002100000301
01:31:47.673,000a04185a5a5a5a
01:31:47.869,55aa18e004c3000000d0fefcf954000100090018
01:31:47.871,5a5a5a5a55aa00226187440002d0002100000301
01:31:47.876,000a04185a5a5a5a
01:31:48.063,55aa18e003b2000000d2ff9cf951000100090018
01:31:48.065,5a5a5a5a55aa00226189440002d0002100000001
01:31:48.078,000a04185a5a5a5a
01:31:48.273,55aa18e802a9000000d4ff9cf955000100090018
01:31:48.275,5a5a5a5a55aa0022618b440002d0002100000001
01:31:48.280,000a04185a5a5a5a
01:31:48.467,55aa18e8019f000000d5ff74f958000100090018
01:31:48.469,5a5a5a5a55aa0022618c440002d0002100000001
01:31:48.483,000a04185a5a5a5a
01:31:48.678,55aa18e80095000000d5ff7ef958000100090018
01:31:48.680,5a5a5a5a55aa0022618c440002cf002100000001
01:31:48.694,000a04185a5a5a5a
01:31:48.889,55aa18e80000000000d5000af95a000100090018
01:31:48.891,5a5a5a5a55aa0022618c440002cf002100000001
01:31:48.896,000a04185a5a5a5a
01:31:49.084,55aa18e80000000000d5000af95b000100090018
01:31:49.086,5a5a5a5a55aa0022618c440002cf002100000001
01:31:49.098,000a04185a5a5a5a
01:31:49.295,55aa18f00000000000d50000f95d000100090018
01:31:49.297,5a5a5a5a55aa0022618c440002cf002100000001
01:31:49.302,000a04185a5a5a5a
01:31:49.488,55aa18f00000000000d5ffecf95e000100090018
01:31:49.490,5a5a5a5a55aa0022618c440002cf002100000001
01:31:49.503,000a04185a5a5a5a
01:31:49.701,55aa18f00000000000d5000af95b000100090018
01:31:49.704,5a5a5a5a55aa0022618c440002ce002100000001
01:31:49.714,000a04185a5a5a5a
01:31:49.896,55aa18f00000000000d50000f960000100090018
01:31:49.911,5a5a5a5a55aa0022618c440002ce002100000001
01:31:49.917,000a04185a5a5a5a
01:31:50.106,55aa18f00000000000d50000f95f000100090018
01:31:50.109,5a5a5a5a55aa0022618c440002ce002100000001
01:31:50.119,000a04185a5a5a5a
01:31:50.317,55aa18f00000000000d5ffecf964000100090018
01:31:50.319,5a5a5a5a55aa0022618c440002ce002100000001
01:31:50.325,000a04185a5a5a5a
01:31:50.511,55aa18f00000000000d5fff6f965000100090018
01:31:50.513,5a5a5a5a55aa0022618c440002ce002100000001
01:31:50.524,000a04185a5a5a5a
01:31:50.721,55aa18f00000000000d50000f967000100090018
01:31:50.723,5a5a5a5a55aa0022618c440002cd002100000001
01:31:50.734,000a04185a5a5a5a
01:31:50.917,55aa18f0000c000000d50000f964000100090018
01:31:50.931,5a5a5a5a55aa0022618c440002cd002100000001
01:31:50.938,000a04185a5a5a5a
01:31:51.126,55aa18f0000f000000d5000af965000100090018
01:31:51.129,5a5a5a5a55aa0022618c440002cd002100000001
01:31:51.140,000a04185a5a5a5a
01:31:51.334,55aa18f0000a000000d5000af961000100090018
01:31:51.337,5a5a5a5a55aa0022618c440002cd002100000001
01:31:51.342,000a04185a5a5a5a
01:31:51.531,55aa18f80023000000d5ffecf964000100090018
01:31:51.534,5a5a5a5a55aa0022618c440002cd002100000001
01:31:51.544,000a04185a5a5a5a
01:31:51.741,55aa18f8000a000000d6fff6f969000100090018
01:31:51.743,5a5a5a5a55aa0022618d440002cc002100000001
01:31:51.754,000a04185a5a5a5a
01:31:51.936,55aa18f80006000000d6000af968000100090018
01:31:51.952,5a5a5a5a55aa0022618d440002cc002100000001
01:31:51.958,000a04185a5a5a5a
